<metadata xml:lang="en"><Esri><CreaDate>20221003</CreaDate><CreaTime>07384600</CreaTime><ArcGISFormat>1.0</ArcGISFormat><SyncOnce>FALSE</SyncOnce><DataProperties><lineage><Process ToolSource="c:\arcgis\desktop10.8\ArcToolbox\Toolboxes\Data Management Tools.tbx\CopyFeatures" Date="20221003" Time="073846">CopyFeatures C:/Users/t-blacksr/AppData/Roaming/ESRI/Desktop10.8/ArcCatalog/GIS.sde\gis.sde.Churches_pt D:\GIS\ArcMap\OpenMapping.gdb\County\Churches_pt # 0 0 0</Process><Process ToolSource="c:\arcgis\desktop10.8\ArcToolbox\Toolboxes\Conversion Tools.tbx\FeatureClassToFeatureClass" Date="20221003" Time="073849">FeatureClassToFeatureClass D:/GIS/ArcMap/OpenMapping.gdb/County/Churches_pt D:/GIS/Python/OpenMapping Churches # "num_addr "num_addr" true true false 8 Double 0 0 ,First,#,D:/GIS/ArcMap/OpenMapping.gdb/County/Churches_pt,num_addr,-1,-1;id_giskey "id_giskey" true true false 14 Text 0 0 ,First,#,D:/GIS/ArcMap/OpenMapping.gdb/County/Churches_pt,id_giskey,-1,-1;num_x_coor "num_x_coor" true true false 8 Double 0 0 ,First,#,D:/GIS/ArcMap/OpenMapping.gdb/County/Churches_pt,num_x_coord,-1,-1;num_y_coor "num_y_coor" true true false 8 Double 0 0 ,First,#,D:/GIS/ArcMap/OpenMapping.gdb/County/Churches_pt,num_y_coord,-1,-1;txt_street "txt_street" true true false 8 Double 0 0 ,First,#,D:/GIS/ArcMap/OpenMapping.gdb/County/Churches_pt,txt_street_number,-1,-1;cde_street "cde_street" true true false 2 Text 0 0 ,First,#,D:/GIS/ArcMap/OpenMapping.gdb/County/Churches_pt,cde_street_dir_prfx,-1,-1;nme_street "nme_street" true true false 30 Text 0 0 ,First,#,D:/GIS/ArcMap/OpenMapping.gdb/County/Churches_pt,nme_street,-1,-1;cde_roadwa "cde_roadwa" true true false 2 Text 0 0 ,First,#,D:/GIS/ArcMap/OpenMapping.gdb/County/Churches_pt,cde_roadway_type,-1,-1;repl_txt_r "repl_txt_r" true true false 4 Text 0 0 ,First,#,D:/GIS/ArcMap/OpenMapping.gdb/County/Churches_pt,repl_txt_roadway_abbrev,-1,-1;cde_stre_1 "cde_stre_1" true true false 8 Text 0 0 ,First,#,D:/GIS/ArcMap/OpenMapping.gdb/County/Churches_pt,cde_street_dir_suff,-1,-1;txt_addr_u "txt_addr_u" true true false 5 Text 0 0 ,First,#,D:/GIS/ArcMap/OpenMapping.gdb/County/Churches_pt,txt_addr_unit,-1,-1;cde_juris "cde_juris" true true false 2 Text 0 0 ,First,#,D:/GIS/ArcMap/OpenMapping.gdb/County/Churches_pt,cde_juris,-1,-1;nme_city "nme_city" true true false 30 Text 0 0 ,First,#,D:/GIS/ArcMap/OpenMapping.gdb/County/Churches_pt,nme_city,-1,-1;cde_use "cde_use" true true false 3 Text 0 0 ,First,#,D:/GIS/ArcMap/OpenMapping.gdb/County/Churches_pt,cde_use,-1,-1;txt_cdeuse "txt_cdeuse" true true false 30 Text 0 0 ,First,#,D:/GIS/ArcMap/OpenMapping.gdb/County/Churches_pt,txt_cdeuse,-1,-1;txt_model "txt_model" true true false 30 Text 0 0 ,First,#,D:/GIS/ArcMap/OpenMapping.gdb/County/Churches_pt,txt_model,-1,-1;county_str "county_str" true true false 8 Double 0 0 ,First,#,D:/GIS/ArcMap/OpenMapping.gdb/County/Churches_pt,county_street_code,-1,-1;num_parent "num_parent" true true false 8 Text 0 0 ,First,#,D:/GIS/ArcMap/OpenMapping.gdb/County/Churches_pt,num_parent_parcel,-1,-1;id_ncpin "id_ncpin" true true false 10 Text 0 0 ,First,#,D:/GIS/ArcMap/OpenMapping.gdb/County/Churches_pt,id_ncpin,-1,-1;id_footpt "id_footpt" true true false 1 Text 0 0 ,First,#,D:/GIS/ArcMap/OpenMapping.gdb/County/Churches_pt,id_footpt,-1,-1;ind_occup "ind_occup" true true false 1 Text 0 0 ,First,#,D:/GIS/ArcMap/OpenMapping.gdb/County/Churches_pt,ind_occup,-1,-1;id_add_by "id_add_by" true true false 8 Text 0 0 ,First,#,D:/GIS/ArcMap/OpenMapping.gdb/County/Churches_pt,id_add_by,-1,-1;dte_add "dte_add" true true false 10 Text 0 0 ,First,#,D:/GIS/ArcMap/OpenMapping.gdb/County/Churches_pt,dte_add,-1,-1;id_upd_by "id_upd_by" true true false 8 Text 0 0 ,First,#,D:/GIS/ArcMap/OpenMapping.gdb/County/Churches_pt,id_upd_by,-1,-1;dte_upd "dte_upd" true true false 10 Text 0 0 ,First,#,D:/GIS/ArcMap/OpenMapping.gdb/County/Churches_pt,dte_upd,-1,-1;cde_status "cde_status" true true false 1 Text 0 0 ,First,#,D:/GIS/ArcMap/OpenMapping.gdb/County/Churches_pt,cde_status,-1,-1;ind_gis_ov "ind_gis_ov" true true false 1 Text 0 0 ,First,#,D:/GIS/ArcMap/OpenMapping.gdb/County/Churches_pt,ind_gis_override,-1,-1;ind_public "ind_public" true true false 1 Text 0 0 ,First,#,D:/GIS/ArcMap/OpenMapping.gdb/County/Churches_pt,ind_public,-1,-1;num_link "num_link" true true false 10 Text 0 0 ,First,#,D:/GIS/ArcMap/OpenMapping.gdb/County/Churches_pt,num_link,-1,-1;num_subdiv "num_subdiv" true true false 10 Text 0 0 ,First,#,D:/GIS/ArcMap/OpenMapping.gdb/County/Churches_pt,num_subdivision,-1,-1;num_units "num_units" true true false 5 Text 0 0 ,First,#,D:/GIS/ArcMap/OpenMapping.gdb/County/Churches_pt,num_units,-1,-1;txt_block "txt_block" true true false 3 Text 0 0 ,First,#,D:/GIS/ArcMap/OpenMapping.gdb/County/Churches_pt,txt_block,-1,-1;txt_lot "txt_lot" true true false 3 Text 0 0 ,First,#,D:/GIS/ArcMap/OpenMapping.gdb/County/Churches_pt,txt_lot,-1,-1;nme_po_cit "nme_po_cit" true true false 30 Text 0 0 ,First,#,D:/GIS/ArcMap/OpenMapping.gdb/County/Churches_pt,nme_po_city,-1,-1;cde_zip1 "cde_zip1" true true false 5 Text 0 0 ,First,#,D:/GIS/ArcMap/OpenMapping.gdb/County/Churches_pt,cde_zip1,-1,-1;cde_zip2 "cde_zip2" true true false 4 Text 0 0 ,First,#,D:/GIS/ArcMap/OpenMapping.gdb/County/Churches_pt,cde_zip2,-1,-1;address "address" true true false 50 Text 0 0 ,First,#,D:/GIS/ArcMap/OpenMapping.gdb/County/Churches_pt,address,-1,-1;full_addre "full_addre" true true false 80 Text 0 0 ,First,#,D:/GIS/ArcMap/OpenMapping.gdb/County/Churches_pt,full_address,-1,-1;latitude "latitude" true true false 8 Double 0 0 ,First,#,D:/GIS/ArcMap/OpenMapping.gdb/County/Churches_pt,latitude,-1,-1;longitude "longitude" true true false 8 Double 0 0 ,First,#,D:/GIS/ArcMap/OpenMapping.gdb/County/Churches_pt,longitude,-1,-1;state "state" true true false 2 Text 0 0 ,First,#,D:/GIS/ArcMap/OpenMapping.gdb/County/Churches_pt,state,-1,-1;effective_ "effective_" true true false 10 Text 0 0 ,First,#,D:/GIS/ArcMap/OpenMapping.gdb/County/Churches_pt,effective_from_date,-1,-1;effective1 "effective1" true true false 10 Text 0 0 ,First,#,D:/GIS/ArcMap/OpenMapping.gdb/County/Churches_pt,effective_to_date,-1,-1;orig_fid "orig_fid" true true false 4 Long 0 0 ,First,#,D:/GIS/ArcMap/OpenMapping.gdb/County/Churches_pt,orig_fid,-1,-1" #</Process></lineage><itemProps><itemName Sync="TRUE">Churches</itemName><imsContentType Sync="TRUE">002</imsContentType><itemSize Sync="TRUE">0.000</itemSize><itemLocation><linkage Sync="TRUE">file://\\SUS-SCRP-P-AP1V\D$\GIS\Python\OpenMapping\Churches.shp</linkage><protocol Sync="TRUE">Local Area Network</protocol></itemLocation></itemProps><coordRef><type Sync="TRUE">Projected</type><geogcsn Sync="TRUE">GCS_North_American_1983</geogcsn><csUnits Sync="TRUE">Linear Unit: Foot_US (0.304801)</csUnits><projcsn Sync="TRUE">NAD_1983_StatePlane_North_Carolina_FIPS_3200_Feet</projcsn><peXml Sync="TRUE">&lt;ProjectedCoordinateSystem xsi:type='typens:ProjectedCoordinateSystem' xmlns:xsi='http://www.w3.org/2001/XMLSchema-instance' xmlns:xs='http://www.w3.org/2001/XMLSchema' xmlns:typens='http://www.esri.com/schemas/ArcGIS/10.8'&gt;&lt;WKT&gt;PROJCS[&amp;quot;NAD_1983_StatePlane_North_Carolina_FIPS_3200_Feet&amp;quot;,GEOGCS[&amp;quot;GCS_North_American_1983&amp;quot;,DATUM[&amp;quot;D_North_American_1983&amp;quot;,SPHEROID[&amp;quot;GRS_1980&amp;quot;,6378137.0,298.257222101]],PRIMEM[&amp;quot;Greenwich&amp;quot;,0.0],UNIT[&amp;quot;Degree&amp;quot;,0.0174532925199433]],PROJECTION[&amp;quot;Lambert_Conformal_Conic&amp;quot;],PARAMETER[&amp;quot;False_Easting&amp;quot;,2000000.002616666],PARAMETER[&amp;quot;False_Northing&amp;quot;,0.0],PARAMETER[&amp;quot;Central_Meridian&amp;quot;,-79.0],PARAMETER[&amp;quot;Standard_Parallel_1&amp;quot;,34.33333333333334],PARAMETER[&amp;quot;Standard_Parallel_2&amp;quot;,36.16666666666666],PARAMETER[&amp;quot;Latitude_Of_Origin&amp;quot;,33.75],UNIT[&amp;quot;Foot_US&amp;quot;,0.3048006096012192],AUTHORITY[&amp;quot;EPSG&amp;quot;,2264]]&lt;/WKT&gt;&lt;XOrigin&gt;-121841900&lt;/XOrigin&gt;&lt;YOrigin&gt;-93659000&lt;/YOrigin&gt;&lt;XYScale&gt;36365718.124241434&lt;/XYScale&gt;&lt;ZOrigin&gt;-100000&lt;/ZOrigin&gt;&lt;ZScale&gt;10000&lt;/ZScale&gt;&lt;MOrigin&gt;-100000&lt;/MOrigin&gt;&lt;MScale&gt;10000&lt;/MScale&gt;&lt;XYTolerance&gt;0.0032808333333333331&lt;/XYTolerance&gt;&lt;ZTolerance&gt;0.001&lt;/ZTolerance&gt;&lt;MTolerance&gt;0.001&lt;/MTolerance&gt;&lt;HighPrecision&gt;true&lt;/HighPrecision&gt;&lt;WKID&gt;102719&lt;/WKID&gt;&lt;LatestWKID&gt;2264&lt;/LatestWKID&gt;&lt;/ProjectedCoordinateSystem&gt;</peXml></coordRef></DataProperties><SyncDate>20221003</SyncDate><SyncTime>07384900</SyncTime><ModDate>20221003</ModDate><ModTime>07384900</ModTime></Esri><dataIdInfo><envirDesc Sync="TRUE"> Version 6.2 (Build 9200) ; Esri ArcGIS 10.8.1.14362</envirDesc><dataLang><languageCode value="eng" Sync="TRUE"></languageCode><countryCode value="USA" Sync="TRUE"></countryCode></dataLang><idCitation><resTitle Sync="TRUE">Churches</resTitle><presForm><PresFormCd value="005" Sync="TRUE"></PresFormCd></presForm></idCitation><spatRpType><SpatRepTypCd value="001" Sync="TRUE"></SpatRepTypCd></spatRpType></dataIdInfo><mdLang><languageCode value="eng" Sync="TRUE"></languageCode><countryCode value="USA" Sync="TRUE"></countryCode></mdLang><distInfo><distFormat><formatName Sync="TRUE">Shapefile</formatName></distFormat><distTranOps><transSize Sync="TRUE">0.000</transSize></distTranOps></distInfo><mdHrLv><ScopeCd value="005" Sync="TRUE"></ScopeCd></mdHrLv><mdHrLvName Sync="TRUE">dataset</mdHrLvName><refSysInfo><RefSystem><refSysID><identCode code="2264" Sync="TRUE"></identCode><idCodeSpace Sync="TRUE">EPSG</idCodeSpace><idVersion Sync="TRUE">6.12(9.0.0)</idVersion></refSysID></RefSystem></refSysInfo><spatRepInfo><VectSpatRep><geometObjs Name="Churches"><geoObjTyp><GeoObjTypCd value="004" Sync="TRUE"></GeoObjTypCd></geoObjTyp><geoObjCnt Sync="TRUE">0</geoObjCnt></geometObjs><topLvl><TopoLevCd value="001" Sync="TRUE"></TopoLevCd></topLvl></VectSpatRep></spatRepInfo><spdoinfo><ptvctinf><esriterm Name="Churches"><efeatyp Sync="TRUE">Simple</efeatyp><efeageom code="1" Sync="TRUE"></efeageom><esritopo Sync="TRUE">FALSE</esritopo><efeacnt Sync="TRUE">0</efeacnt><spindex Sync="TRUE">FALSE</spindex><linrefer Sync="TRUE">FALSE</linrefer></esriterm></ptvctinf></spdoinfo><eainfo><detailed Name="Churches"><enttyp><enttypl Sync="TRUE">Churches</enttypl><enttypt Sync="TRUE">Feature Class</enttypt><enttypc Sync="TRUE">0</enttypc></enttyp><attr><attrlabl Sync="TRUE">FID</attrlabl><attalias Sync="TRUE">FID</attalias><attrtype Sync="TRUE">OID</attrtype><attwidth Sync="TRUE">4</attwidth><atprecis Sync="TRUE">0</atprecis><attscale Sync="TRUE">0</attscale><attrdef Sync="TRUE">Internal feature number.</attrdef><attrdefs Sync="TRUE">Esri</attrdefs><attrdomv><udom Sync="TRUE">Sequential unique whole numbers that are automatically generated.</udom></attrdomv></attr><attr><attrlabl Sync="TRUE">Shape</attrlabl><attalias Sync="TRUE">Shape</attalias><attrtype Sync="TRUE">Geometry</attrtype><attwidth Sync="TRUE">0</attwidth><atprecis Sync="TRUE">0</atprecis><attscale Sync="TRUE">0</attscale><attrdef Sync="TRUE">Feature geometry.</attrdef><attrdefs Sync="TRUE">Esri</attrdefs><attrdomv><udom Sync="TRUE">Coordinates defining the features.</udom></attrdomv></attr><attr><attrlabl Sync="TRUE">num_addr</attrlabl><attalias Sync="TRUE">num_addr</attalias><attrtype Sync="TRUE">Double</attrtype><attwidth Sync="TRUE">19</attwidth><atprecis Sync="TRUE">0</atprecis><attscale Sync="TRUE">0</attscale></attr><attr><attrlabl Sync="TRUE">id_giskey</attrlabl><attalias Sync="TRUE">id_giskey</attalias><attrtype Sync="TRUE">String</attrtype><attwidth Sync="TRUE">14</attwidth><atprecis Sync="TRUE">0</atprecis><attscale Sync="TRUE">0</attscale></attr><attr><attrlabl Sync="TRUE">num_x_coor</attrlabl><attalias Sync="TRUE">num_x_coor</attalias><attrtype Sync="TRUE">Double</attrtype><attwidth Sync="TRUE">19</attwidth><atprecis Sync="TRUE">0</atprecis><attscale Sync="TRUE">0</attscale></attr><attr><attrlabl Sync="TRUE">num_y_coor</attrlabl><attalias Sync="TRUE">num_y_coor</attalias><attrtype Sync="TRUE">Double</attrtype><attwidth Sync="TRUE">19</attwidth><atprecis Sync="TRUE">0</atprecis><attscale Sync="TRUE">0</attscale></attr><attr><attrlabl Sync="TRUE">txt_street</attrlabl><attalias Sync="TRUE">txt_street</attalias><attrtype Sync="TRUE">Double</attrtype><attwidth Sync="TRUE">19</attwidth><atprecis Sync="TRUE">0</atprecis><attscale Sync="TRUE">0</attscale></attr><attr><attrlabl Sync="TRUE">cde_street</attrlabl><attalias Sync="TRUE">cde_street</attalias><attrtype Sync="TRUE">String</attrtype><attwidth Sync="TRUE">2</attwidth><atprecis Sync="TRUE">0</atprecis><attscale Sync="TRUE">0</attscale></attr><attr><attrlabl Sync="TRUE">nme_street</attrlabl><attalias Sync="TRUE">nme_street</attalias><attrtype Sync="TRUE">String</attrtype><attwidth Sync="TRUE">30</attwidth><atprecis Sync="TRUE">0</atprecis><attscale Sync="TRUE">0</attscale></attr><attr><attrlabl Sync="TRUE">cde_roadwa</attrlabl><attalias Sync="TRUE">cde_roadwa</attalias><attrtype Sync="TRUE">String</attrtype><attwidth Sync="TRUE">2</attwidth><atprecis Sync="TRUE">0</atprecis><attscale Sync="TRUE">0</attscale></attr><attr><attrlabl Sync="TRUE">repl_txt_r</attrlabl><attalias Sync="TRUE">repl_txt_r</attalias><attrtype Sync="TRUE">String</attrtype><attwidth Sync="TRUE">4</attwidth><atprecis Sync="TRUE">0</atprecis><attscale Sync="TRUE">0</attscale></attr><attr><attrlabl Sync="TRUE">cde_stre_1</attrlabl><attalias Sync="TRUE">cde_stre_1</attalias><attrtype Sync="TRUE">String</attrtype><attwidth Sync="TRUE">8</attwidth><atprecis Sync="TRUE">0</atprecis><attscale Sync="TRUE">0</attscale></attr><attr><attrlabl Sync="TRUE">txt_addr_u</attrlabl><attalias Sync="TRUE">txt_addr_u</attalias><attrtype Sync="TRUE">String</attrtype><attwidth Sync="TRUE">5</attwidth><atprecis Sync="TRUE">0</atprecis><attscale Sync="TRUE">0</attscale></attr><attr><attrlabl Sync="TRUE">cde_juris</attrlabl><attalias Sync="TRUE">cde_juris</attalias><attrtype Sync="TRUE">String</attrtype><attwidth Sync="TRUE">2</attwidth><atprecis Sync="TRUE">0</atprecis><attscale Sync="TRUE">0</attscale></attr><attr><attrlabl Sync="TRUE">nme_city</attrlabl><attalias Sync="TRUE">nme_city</attalias><attrtype Sync="TRUE">String</attrtype><attwidth Sync="TRUE">30</attwidth><atprecis Sync="TRUE">0</atprecis><attscale Sync="TRUE">0</attscale></attr><attr><attrlabl Sync="TRUE">cde_use</attrlabl><attalias Sync="TRUE">cde_use</attalias><attrtype Sync="TRUE">String</attrtype><attwidth Sync="TRUE">3</attwidth><atprecis Sync="TRUE">0</atprecis><attscale Sync="TRUE">0</attscale></attr><attr><attrlabl Sync="TRUE">txt_cdeuse</attrlabl><attalias Sync="TRUE">txt_cdeuse</attalias><attrtype Sync="TRUE">String</attrtype><attwidth Sync="TRUE">30</attwidth><atprecis Sync="TRUE">0</atprecis><attscale Sync="TRUE">0</attscale></attr><attr><attrlabl Sync="TRUE">txt_model</attrlabl><attalias Sync="TRUE">txt_model</attalias><attrtype Sync="TRUE">String</attrtype><attwidth Sync="TRUE">30</attwidth><atprecis Sync="TRUE">0</atprecis><attscale Sync="TRUE">0</attscale></attr><attr><attrlabl Sync="TRUE">county_str</attrlabl><attalias Sync="TRUE">county_str</attalias><attrtype Sync="TRUE">Double</attrtype><attwidth Sync="TRUE">19</attwidth><atprecis Sync="TRUE">0</atprecis><attscale Sync="TRUE">0</attscale></attr><attr><attrlabl Sync="TRUE">num_parent</attrlabl><attalias Sync="TRUE">num_parent</attalias><attrtype Sync="TRUE">String</attrtype><attwidth Sync="TRUE">8</attwidth><atprecis Sync="TRUE">0</atprecis><attscale Sync="TRUE">0</attscale></attr><attr><attrlabl Sync="TRUE">id_ncpin</attrlabl><attalias Sync="TRUE">id_ncpin</attalias><attrtype Sync="TRUE">String</attrtype><attwidth Sync="TRUE">10</attwidth><atprecis Sync="TRUE">0</atprecis><attscale Sync="TRUE">0</attscale></attr><attr><attrlabl Sync="TRUE">id_footpt</attrlabl><attalias Sync="TRUE">id_footpt</attalias><attrtype Sync="TRUE">String</attrtype><attwidth Sync="TRUE">1</attwidth><atprecis Sync="TRUE">0</atprecis><attscale Sync="TRUE">0</attscale></attr><attr><attrlabl Sync="TRUE">ind_occup</attrlabl><attalias Sync="TRUE">ind_occup</attalias><attrtype Sync="TRUE">String</attrtype><attwidth Sync="TRUE">1</attwidth><atprecis Sync="TRUE">0</atprecis><attscale Sync="TRUE">0</attscale></attr><attr><attrlabl Sync="TRUE">id_add_by</attrlabl><attalias Sync="TRUE">id_add_by</attalias><attrtype Sync="TRUE">String</attrtype><attwidth Sync="TRUE">8</attwidth><atprecis Sync="TRUE">0</atprecis><attscale Sync="TRUE">0</attscale></attr><attr><attrlabl Sync="TRUE">dte_add</attrlabl><attalias Sync="TRUE">dte_add</attalias><attrtype Sync="TRUE">String</attrtype><attwidth Sync="TRUE">10</attwidth><atprecis Sync="TRUE">0</atprecis><attscale Sync="TRUE">0</attscale></attr><attr><attrlabl Sync="TRUE">id_upd_by</attrlabl><attalias Sync="TRUE">id_upd_by</attalias><attrtype Sync="TRUE">String</attrtype><attwidth Sync="TRUE">8</attwidth><atprecis Sync="TRUE">0</atprecis><attscale Sync="TRUE">0</attscale></attr><attr><attrlabl Sync="TRUE">dte_upd</attrlabl><attalias Sync="TRUE">dte_upd</attalias><attrtype Sync="TRUE">String</attrtype><attwidth Sync="TRUE">10</attwidth><atprecis Sync="TRUE">0</atprecis><attscale Sync="TRUE">0</attscale></attr><attr><attrlabl Sync="TRUE">cde_status</attrlabl><attalias Sync="TRUE">cde_status</attalias><attrtype Sync="TRUE">String</attrtype><attwidth Sync="TRUE">1</attwidth><atprecis Sync="TRUE">0</atprecis><attscale Sync="TRUE">0</attscale></attr><attr><attrlabl Sync="TRUE">ind_gis_ov</attrlabl><attalias Sync="TRUE">ind_gis_ov</attalias><attrtype Sync="TRUE">String</attrtype><attwidth Sync="TRUE">1</attwidth><atprecis Sync="TRUE">0</atprecis><attscale Sync="TRUE">0</attscale></attr><attr><attrlabl Sync="TRUE">ind_public</attrlabl><attalias Sync="TRUE">ind_public</attalias><attrtype Sync="TRUE">String</attrtype><attwidth Sync="TRUE">1</attwidth><atprecis Sync="TRUE">0</atprecis><attscale Sync="TRUE">0</attscale></attr><attr><attrlabl Sync="TRUE">num_link</attrlabl><attalias Sync="TRUE">num_link</attalias><attrtype Sync="TRUE">String</attrtype><attwidth Sync="TRUE">10</attwidth><atprecis Sync="TRUE">0</atprecis><attscale Sync="TRUE">0</attscale></attr><attr><attrlabl Sync="TRUE">num_subdiv</attrlabl><attalias Sync="TRUE">num_subdiv</attalias><attrtype Sync="TRUE">String</attrtype><attwidth Sync="TRUE">10</attwidth><atprecis Sync="TRUE">0</atprecis><attscale Sync="TRUE">0</attscale></attr><attr><attrlabl Sync="TRUE">num_units</attrlabl><attalias Sync="TRUE">num_units</attalias><attrtype Sync="TRUE">String</attrtype><attwidth Sync="TRUE">5</attwidth><atprecis Sync="TRUE">0</atprecis><attscale Sync="TRUE">0</attscale></attr><attr><attrlabl Sync="TRUE">txt_block</attrlabl><attalias Sync="TRUE">txt_block</attalias><attrtype Sync="TRUE">String</attrtype><attwidth Sync="TRUE">3</attwidth><atprecis Sync="TRUE">0</atprecis><attscale Sync="TRUE">0</attscale></attr><attr><attrlabl Sync="TRUE">txt_lot</attrlabl><attalias Sync="TRUE">txt_lot</attalias><attrtype Sync="TRUE">String</attrtype><attwidth Sync="TRUE">3</attwidth><atprecis Sync="TRUE">0</atprecis><attscale Sync="TRUE">0</attscale></attr><attr><attrlabl Sync="TRUE">nme_po_cit</attrlabl><attalias Sync="TRUE">nme_po_cit</attalias><attrtype Sync="TRUE">String</attrtype><attwidth Sync="TRUE">30</attwidth><atprecis Sync="TRUE">0</atprecis><attscale Sync="TRUE">0</attscale></attr><attr><attrlabl Sync="TRUE">cde_zip1</attrlabl><attalias Sync="TRUE">cde_zip1</attalias><attrtype Sync="TRUE">String</attrtype><attwidth Sync="TRUE">5</attwidth><atprecis Sync="TRUE">0</atprecis><attscale Sync="TRUE">0</attscale></attr><attr><attrlabl Sync="TRUE">cde_zip2</attrlabl><attalias Sync="TRUE">cde_zip2</attalias><attrtype Sync="TRUE">String</attrtype><attwidth Sync="TRUE">4</attwidth><atprecis Sync="TRUE">0</atprecis><attscale Sync="TRUE">0</attscale></attr><attr><attrlabl Sync="TRUE">address</attrlabl><attalias Sync="TRUE">address</attalias><attrtype Sync="TRUE">String</attrtype><attwidth Sync="TRUE">50</attwidth><atprecis Sync="TRUE">0</atprecis><attscale Sync="TRUE">0</attscale></attr><attr><attrlabl Sync="TRUE">full_addre</attrlabl><attalias Sync="TRUE">full_addre</attalias><attrtype Sync="TRUE">String</attrtype><attwidth Sync="TRUE">80</attwidth><atprecis Sync="TRUE">0</atprecis><attscale Sync="TRUE">0</attscale></attr><attr><attrlabl Sync="TRUE">latitude</attrlabl><attalias Sync="TRUE">latitude</attalias><attrtype Sync="TRUE">Double</attrtype><attwidth Sync="TRUE">19</attwidth><atprecis Sync="TRUE">0</atprecis><attscale Sync="TRUE">0</attscale></attr><attr><attrlabl Sync="TRUE">longitude</attrlabl><attalias Sync="TRUE">longitude</attalias><attrtype Sync="TRUE">Double</attrtype><attwidth Sync="TRUE">19</attwidth><atprecis Sync="TRUE">0</atprecis><attscale Sync="TRUE">0</attscale></attr><attr><attrlabl Sync="TRUE">state</attrlabl><attalias Sync="TRUE">state</attalias><attrtype Sync="TRUE">String</attrtype><attwidth Sync="TRUE">2</attwidth><atprecis Sync="TRUE">0</atprecis><attscale Sync="TRUE">0</attscale></attr><attr><attrlabl Sync="TRUE">effective_</attrlabl><attalias Sync="TRUE">effective_</attalias><attrtype Sync="TRUE">String</attrtype><attwidth Sync="TRUE">10</attwidth><atprecis Sync="TRUE">0</atprecis><attscale Sync="TRUE">0</attscale></attr><attr><attrlabl Sync="TRUE">effective1</attrlabl><attalias Sync="TRUE">effective1</attalias><attrtype Sync="TRUE">String</attrtype><attwidth Sync="TRUE">10</attwidth><atprecis Sync="TRUE">0</atprecis><attscale Sync="TRUE">0</attscale></attr><attr><attrlabl Sync="TRUE">orig_fid</attrlabl><attalias Sync="TRUE">orig_fid</attalias><attrtype Sync="TRUE">Integer</attrtype><attwidth Sync="TRUE">10</attwidth><atprecis Sync="TRUE">10</atprecis><attscale Sync="TRUE">0</attscale></attr></detailed></eainfo><mdDateSt Sync="TRUE">20221003</mdDateSt></metadata>
