<metadata xml:lang="en"><Esri><CreaDate>20120308</CreaDate><CreaTime>18425300</CreaTime><SyncOnce>FALSE</SyncOnce><SyncDate>20221004</SyncDate><SyncTime>09192800</SyncTime><ModDate>20221004</ModDate><ModTime>09192800</ModTime><DataProperties><lineage><Process ToolSource="C:\Program Files\ArcGIS\ArcToolbox\Toolboxes\Data Management Tools.tbx\CopyFeatures" Date="20061009" Time="135147" Name="" export="">CopyFeatures D:\Project\EDMS\geodatabase\EDMS_GIS.mdb\County\Landfills "Database Connections\Connection to EDMSSQLPRD (sde).sde\edms_gis.SDE.County\edms_gis.SDE.Landfills" # 0 0 0</Process><Process ToolSource="c:\program files (x86)\arcgis\desktop10.6\ArcToolbox\Toolboxes\Data Management Tools.tbx\MigrateStorage" Date="20201018" Time="183457">MigrateStorage 'Database Connections\GIS-AG1L-edms_gis as sdeedms.sde\edms_gis.SDE.ArchiveWQdata';'Database Connections\GIS-AG1L-edms_gis as sdeedms.sde\edms_gis.SDE.Adopted_Streams';'Database Connections\GIS-AG1L-edms_gis as sdeedms.sde\edms_gis.SDE.Allenbrook_Area_of_Concern_pt';'Database Connections\GIS-AG1L-edms_gis as sdeedms.sde\edms_gis.SDE.allenbrook_photo_stations_pt';'Database Connections\GIS-AG1L-edms_gis as sdeedms.sde\edms_gis.SDE.Ambient_wells';'Database Connections\GIS-AG1L-edms_gis as sdeedms.sde\edms_gis.SDE.ARGU_WELLS';'Database Connections\GIS-AG1L-edms_gis as sdeedms.sde\edms_gis.SDE.Basin';'Database Connections\GIS-AG1L-edms_gis as sdeedms.sde\edms_gis.SDE.Basin_SixMile';'Database Connections\GIS-AG1L-edms_gis as sdeedms.sde\edms_gis.SDE.BigSweepSites';'Database Connections\GIS-AG1L-edms_gis as sdeedms.sde\edms_gis.SDE.BMP_Facility';'Database Connections\GIS-AG1L-edms_gis as sdeedms.sde\edms_gis.SDE.BMP_Project';'Database Connections\GIS-AG1L-edms_gis as sdeedms.sde\edms_gis.SDE.bua_parcels';'Database Connections\GIS-AG1L-edms_gis as sdeedms.sde\edms_gis.SDE.BusinessLicenseData';'Database Connections\GIS-AG1L-edms_gis as sdeedms.sde\edms_gis.SDE.CIP';'Database Connections\GIS-AG1L-edms_gis as sdeedms.sde\edms_gis.SDE.City_View_Area_of_Concern_pt';'Database Connections\GIS-AG1L-edms_gis as sdeedms.sde\edms_gis.SDE.cityexport_outletsjunctions';'Database Connections\GIS-AG1L-edms_gis as sdeedms.sde\edms_gis.SDE.CityOutfallMaster2017';'Database Connections\GIS-AG1L-edms_gis as sdeedms.sde\edms_gis.SDE.CityOutfallMaster2018';'Database Connections\GIS-AG1L-edms_gis as sdeedms.sde\edms_gis.SDE.CityOutfallMaster2019';'Database Connections\GIS-AG1L-edms_gis as sdeedms.sde\edms_gis.SDE.CityOutfallMasterBasins1718';'Database Connections\GIS-AG1L-edms_gis as sdeedms.sde\edms_gis.SDE.CityOutfallsToInspectAttachments';'Database Connections\GIS-AG1L-edms_gis as sdeedms.sde\edms_gis.SDE.CityOutlets1215_aerial_gps';'Database Connections\GIS-AG1L-edms_gis as sdeedms.sde\edms_gis.SDE.CityStreamwalksFY1213';'Database Connections\GIS-AG1L-edms_gis as sdeedms.sde\edms_gis.SDE.CityStreamwalksFY1314';'Database Connections\GIS-AG1L-edms_gis as sdeedms.sde\edms_gis.SDE.CityStreamwalksFY1415';'Database Connections\GIS-AG1L-edms_gis as sdeedms.sde\edms_gis.SDE.CityStreamwalksFY1516';'Database Connections\GIS-AG1L-edms_gis as sdeedms.sde\edms_gis.SDE.CityStreamwalksFY1617';'Database Connections\GIS-AG1L-edms_gis as sdeedms.sde\edms_gis.SDE.CityStreamwalksFY1718';'Database Connections\GIS-AG1L-edms_gis as sdeedms.sde\edms_gis.SDE.CityStreamwalksFY1819';'Database Connections\GIS-AG1L-edms_gis as sdeedms.sde\edms_gis.SDE.CityStreamwalksFY1920';'Database Connections\GIS-AG1L-edms_gis as sdeedms.sde\edms_gis.SDE.cityview_photo_stations_pt';'Database Connections\GIS-AG1L-edms_gis as sdeedms.sde\edms_gis.SDE.CMU_SSOs';'Database Connections\GIS-AG1L-edms_gis as sdeedms.sde\edms_gis.SDE.CMUD_Billing';'Database Connections\GIS-AG1L-edms_gis as sdeedms.sde\edms_gis.SDE.CountyBoundary';'Database Connections\GIS-AG1L-edms_gis as sdeedms.sde\edms_gis.SDE.DENR_Permitted_Facility';'Database Connections\GIS-AG1L-edms_gis as sdeedms.sde\edms_gis.SDE.ELEVATION_CERTIFICATES_PT';'Database Connections\GIS-AG1L-edms_gis as sdeedms.sde\edms_gis.SDE.EleveCert';'Database Connections\GIS-AG1L-edms_gis as sdeedms.sde\edms_gis.SDE.End_Points';'Database Connections\GIS-AG1L-edms_gis as sdeedms.sde\edms_gis.SDE.EngineeredOptionPermit';'Database Connections\GIS-AG1L-edms_gis as sdeedms.sde\edms_gis.SDE.epic_well_parcels';'Database Connections\GIS-AG1L-edms_gis as sdeedms.sde\edms_gis.SDE.Erosion_Control_Project';'Database Connections\GIS-AG1L-edms_gis as sdeedms.sde\edms_gis.SDE.FacilityInspections';'Database Connections\GIS-AG1L-edms_gis as sdeedms.sde\edms_gis.SDE.FieldObservationsFY1617_pt';'Database Connections\GIS-AG1L-edms_gis as sdeedms.sde\edms_gis.SDE.FLOOD_HISTORY_v1_pt';'Database Connections\GIS-AG1L-edms_gis as sdeedms.sde\edms_gis.SDE.foreclosure2';'Database Connections\GIS-AG1L-edms_gis as sdeedms.sde\edms_gis.SDE.foreclosure2_bkup';'Database Connections\GIS-AG1L-edms_gis as sdeedms.sde\edms_gis.SDE.FY15_IDDE_FollowUps';'Database Connections\GIS-AG1L-edms_gis as sdeedms.sde\edms_gis.SDE.FY15_IDDE_Investigation';'Database Connections\GIS-AG1L-edms_gis as sdeedms.sde\edms_gis.SDE.FY1819_Stream_Walk_Basins';'Database Connections\GIS-AG1L-edms_gis as sdeedms.sde\edms_gis.SDE.FY1819_Stream_Walk_Centerlines';'Database Connections\GIS-AG1L-edms_gis as sdeedms.sde\edms_gis.SDE.FY1920_Stream_Walk_Basins';'Database Connections\GIS-AG1L-edms_gis as sdeedms.sde\edms_gis.SDE.FY1920_Stream_Walk_Centerlines';'Database Connections\GIS-AG1L-edms_gis as sdeedms.sde\edms_gis.SDE.GW_Plumes';'Database Connections\GIS-AG1L-edms_gis as sdeedms.sde\edms_gis.SDE.GWS_ARGU_Territories';'Database Connections\GIS-AG1L-edms_gis as sdeedms.sde\edms_gis.SDE.GWS_Reference_Points';'Database Connections\GIS-AG1L-edms_gis as sdeedms.sde\edms_gis.SDE.GWS_Territories';'Database Connections\GIS-AG1L-edms_gis as sdeedms.sde\edms_gis.SDE.HMP_Sites';'Database Connections\GIS-AG1L-edms_gis as sdeedms.sde\edms_gis.SDE.IDEP_Collection';'Database Connections\GIS-AG1L-edms_gis as sdeedms.sde\edms_gis.SDE.Inclement_Weather_Locations';'Database Connections\GIS-AG1L-edms_gis as sdeedms.sde\edms_gis.SDE.Industrial_Zone_Outfalls';'Database Connections\GIS-AG1L-edms_gis as sdeedms.sde\edms_gis.SDE.InspectedIndustrialFacilities95_FY1112';'Database Connections\GIS-AG1L-edms_gis as sdeedms.sde\edms_gis.SDE.ISIS_Major_Outfalls';'Database Connections\GIS-AG1L-edms_gis as sdeedms.sde\edms_gis.SDE.ISIS_PhaseIILakeMonitoring';'Database Connections\GIS-AG1L-edms_gis as sdeedms.sde\edms_gis.SDE.ISIS_Sites';'Database Connections\GIS-AG1L-edms_gis as sdeedms.sde\edms_gis.SDE.Landfill_sampling';'Database Connections\GIS-AG1L-edms_gis as sdeedms.sde\edms_gis.SDE.Landfills';'Database Connections\GIS-AG1L-edms_gis as sdeedms.sde\edms_gis.SDE.LiftStations_Private';'Database Connections\GIS-AG1L-edms_gis as sdeedms.sde\edms_gis.SDE.MC_LiftStations';'Database Connections\GIS-AG1L-edms_gis as sdeedms.sde\edms_gis.SDE.McDowell_Area_of_Concern';'Database Connections\GIS-AG1L-edms_gis as sdeedms.sde\edms_gis.SDE.McdowellCreekPhotoStations';'Database Connections\GIS-AG1L-edms_gis as sdeedms.sde\edms_gis.SDE.MITIGATION_IMPLEMENTATION_pt';'Database Connections\GIS-AG1L-edms_gis as sdeedms.sde\edms_gis.SDE.MitigationProjects';'Database Connections\GIS-AG1L-edms_gis as sdeedms.sde\edms_gis.SDE.Monitoring_Sites';'Database Connections\GIS-AG1L-edms_gis as sdeedms.sde\edms_gis.SDE.MONITORING_WELLS';'Database Connections\GIS-AG1L-edms_gis as sdeedms.sde\edms_gis.SDE.Mosquito_Treatment_Site';'Database Connections\GIS-AG1L-edms_gis as sdeedms.sde\edms_gis.SDE.MOWING_SITES';'Database Connections\GIS-AG1L-edms_gis as sdeedms.sde\edms_gis.SDE.MPL_SITES';'Database Connections\GIS-AG1L-edms_gis as sdeedms.sde\edms_gis.SDE.MPL_SITES_BKUP';'Database Connections\GIS-AG1L-edms_gis as sdeedms.sde\edms_gis.SDE.MultiFamilyFacilities';'Database Connections\GIS-AG1L-edms_gis as sdeedms.sde\edms_gis.SDE.NOVs1995_FY1112';'Database Connections\GIS-AG1L-edms_gis as sdeedms.sde\edms_gis.SDE.OutfallCollectionFY1516';'Database Connections\GIS-AG1L-edms_gis as sdeedms.sde\edms_gis.SDE.OutFallinspectionsFY1415Phase1';'Database Connections\GIS-AG1L-edms_gis as sdeedms.sde\edms_gis.SDE.OutfallInspectionsFY1415Phase11';'Database Connections\GIS-AG1L-edms_gis as sdeedms.sde\edms_gis.SDE.OutfallInspectionsFY1415Phase11_1';'Database Connections\GIS-AG1L-edms_gis as sdeedms.sde\edms_gis.SDE.OutfallInspectionsFY1415Phase11_1_1';'Database Connections\GIS-AG1L-edms_gis as sdeedms.sde\edms_gis.SDE.ovitraps';'Database Connections\GIS-AG1L-edms_gis as sdeedms.sde\edms_gis.SDE.Parkwood_Area_of_Concern';'Database Connections\GIS-AG1L-edms_gis as sdeedms.sde\edms_gis.SDE.PERMITTED_SEPTIC';'Database Connections\GIS-AG1L-edms_gis as sdeedms.sde\edms_gis.SDE.PERMITTED_WELLS';'Database Connections\GIS-AG1L-edms_gis as sdeedms.sde\edms_gis.SDE.Phase_II_SW_Inventory';'Database Connections\GIS-AG1L-edms_gis as sdeedms.sde\edms_gis.SDE.phase2outfall_join6mile';'Database Connections\GIS-AG1L-edms_gis as sdeedms.sde\edms_gis.SDE.photo_attachment';'Database Connections\GIS-AG1L-edms_gis as sdeedms.sde\edms_gis.SDE.Pilot_BMP_Monitoring';'Database Connections\GIS-AG1L-edms_gis as sdeedms.sde\edms_gis.SDE.PME_SITES';'Database Connections\GIS-AG1L-edms_gis as sdeedms.sde\edms_gis.SDE.PREEXISTING_SEPTIC';'Database Connections\GIS-AG1L-edms_gis as sdeedms.sde\edms_gis.SDE.PRIVATE_WELLS';'Database Connections\GIS-AG1L-edms_gis as sdeedms.sde\edms_gis.SDE.Public_Swimming_Pools';'Database Connections\GIS-AG1L-edms_gis as sdeedms.sde\edms_gis.SDE.Public_Swimming_Pools_Territories';'Database Connections\GIS-AG1L-edms_gis as sdeedms.sde\edms_gis.SDE.PUBLIC_WELLS';'Database Connections\GIS-AG1L-edms_gis as sdeedms.sde\edms_gis.SDE.ReedyCreek_AreasOfConcern_pt';'Database Connections\GIS-AG1L-edms_gis as sdeedms.sde\edms_gis.SDE.ReedyCreek_BankPins_pt';'Database Connections\GIS-AG1L-edms_gis as sdeedms.sde\edms_gis.SDE.Retrofits';'Database Connections\GIS-AG1L-edms_gis as sdeedms.sde\edms_gis.SDE.SchoolPresentations';'Database Connections\GIS-AG1L-edms_gis as sdeedms.sde\edms_gis.SDE.Sewer_Baiting_Sites';'Database Connections\GIS-AG1L-edms_gis as sdeedms.sde\edms_gis.SDE.SIP_SITES';'Database Connections\GIS-AG1L-edms_gis as sdeedms.sde\edms_gis.SDE.SouthBLVDPlume' GEOMETRY</Process><Process ToolSource="c:\program files (x86)\arcgis\desktop10.6\ArcToolbox\Toolboxes\Data Management Tools.tbx\MigrateStorage" Date="20201018" Time="191251">MigrateStorage 'Database Connections\GIS-AG1L-edms_gis as sdeedms.sde\edms_gis.SDE.Inclement_Weather_Locations';'Database Connections\GIS-AG1L-edms_gis as sdeedms.sde\edms_gis.SDE.Industrial_Zone_Outfalls';'Database Connections\GIS-AG1L-edms_gis as sdeedms.sde\edms_gis.SDE.InspectedIndustrialFacilities95_FY1112';'Database Connections\GIS-AG1L-edms_gis as sdeedms.sde\edms_gis.SDE.ISIS_Major_Outfalls';'Database Connections\GIS-AG1L-edms_gis as sdeedms.sde\edms_gis.SDE.ISIS_PhaseIILakeMonitoring';'Database Connections\GIS-AG1L-edms_gis as sdeedms.sde\edms_gis.SDE.ISIS_Sites';'Database Connections\GIS-AG1L-edms_gis as sdeedms.sde\edms_gis.SDE.Landfill_sampling';'Database Connections\GIS-AG1L-edms_gis as sdeedms.sde\edms_gis.SDE.Landfills';'Database Connections\GIS-AG1L-edms_gis as sdeedms.sde\edms_gis.SDE.LiftStations_Private';'Database Connections\GIS-AG1L-edms_gis as sdeedms.sde\edms_gis.SDE.MC_LiftStations';'Database Connections\GIS-AG1L-edms_gis as sdeedms.sde\edms_gis.SDE.McDowell_Area_of_Concern';'Database Connections\GIS-AG1L-edms_gis as sdeedms.sde\edms_gis.SDE.McdowellCreekPhotoStations';'Database Connections\GIS-AG1L-edms_gis as sdeedms.sde\edms_gis.SDE.MITIGATION_IMPLEMENTATION_pt';'Database Connections\GIS-AG1L-edms_gis as sdeedms.sde\edms_gis.SDE.MitigationProjects';'Database Connections\GIS-AG1L-edms_gis as sdeedms.sde\edms_gis.SDE.Monitoring_Sites';'Database Connections\GIS-AG1L-edms_gis as sdeedms.sde\edms_gis.SDE.MONITORING_WELLS';'Database Connections\GIS-AG1L-edms_gis as sdeedms.sde\edms_gis.SDE.Mosquito_Treatment_Site';'Database Connections\GIS-AG1L-edms_gis as sdeedms.sde\edms_gis.SDE.MOWING_SITES';'Database Connections\GIS-AG1L-edms_gis as sdeedms.sde\edms_gis.SDE.MPL_SITES';'Database Connections\GIS-AG1L-edms_gis as sdeedms.sde\edms_gis.SDE.MPL_SITES_BKUP';'Database Connections\GIS-AG1L-edms_gis as sdeedms.sde\edms_gis.SDE.MultiFamilyFacilities';'Database Connections\GIS-AG1L-edms_gis as sdeedms.sde\edms_gis.SDE.NOVs1995_FY1112';'Database Connections\GIS-AG1L-edms_gis as sdeedms.sde\edms_gis.SDE.OutfallCollectionFY1516';'Database Connections\GIS-AG1L-edms_gis as sdeedms.sde\edms_gis.SDE.OutFallinspectionsFY1415Phase1';'Database Connections\GIS-AG1L-edms_gis as sdeedms.sde\edms_gis.SDE.OutfallInspectionsFY1415Phase11';'Database Connections\GIS-AG1L-edms_gis as sdeedms.sde\edms_gis.SDE.OutfallInspectionsFY1415Phase11_1';'Database Connections\GIS-AG1L-edms_gis as sdeedms.sde\edms_gis.SDE.OutfallInspectionsFY1415Phase11_1_1';'Database Connections\GIS-AG1L-edms_gis as sdeedms.sde\edms_gis.SDE.ovitraps';'Database Connections\GIS-AG1L-edms_gis as sdeedms.sde\edms_gis.SDE.Parkwood_Area_of_Concern';'Database Connections\GIS-AG1L-edms_gis as sdeedms.sde\edms_gis.SDE.PERMITTED_SEPTIC';'Database Connections\GIS-AG1L-edms_gis as sdeedms.sde\edms_gis.SDE.PERMITTED_WELLS';'Database Connections\GIS-AG1L-edms_gis as sdeedms.sde\edms_gis.SDE.Phase_II_SW_Inventory' GEOMETRY</Process><Process ToolSource="c:\arcgis_install\desktop10.8\ArcToolbox\Toolboxes\Data Management Tools.tbx\CopyFeatures" Date="20221004" Time="091925">CopyFeatures C:/Users/blacksr/AppData/Roaming/ESRI/Desktop10.8/ArcCatalog/EDMS.sde\edms_gis.SDE.Landfills D:\GIS\ArcMap\OpenMapping.gdb\County\Landfills # 0 0 0</Process><Process ToolSource="c:\arcgis_install\desktop10.8\ArcToolbox\Toolboxes\Conversion Tools.tbx\FeatureClassToFeatureClass" Date="20221004" Time="091928">FeatureClassToFeatureClass D:/GIS/ArcMap/OpenMapping.gdb/County/Landfills D:/GIS/Python/OpenMapping Landfills # "PID "PID" true true false 8 Text 0 0 ,First,#,D:/GIS/ArcMap/OpenMapping.gdb/County/Landfills,PID,-1,-1;LANDFILL "LANDFILL" true true false 1 Text 0 0 ,First,#,D:/GIS/ArcMap/OpenMapping.gdb/County/Landfills,LANDFILL,-1,-1;NAME "NAME" true true false 40 Text 0 0 ,First,#,D:/GIS/ArcMap/OpenMapping.gdb/County/Landfills,NAME,-1,-1;STREETNO "STREETNO" true true false 5 Text 0 0 ,First,#,D:/GIS/ArcMap/OpenMapping.gdb/County/Landfills,STREETNO,-1,-1;STREETDIR "STREETDIR" true true false 1 Text 0 0 ,First,#,D:/GIS/ArcMap/OpenMapping.gdb/County/Landfills,STREETDIR,-1,-1;STREETNAME "STREETNAME" true true false 30 Text 0 0 ,First,#,D:/GIS/ArcMap/OpenMapping.gdb/County/Landfills,STREETNAME,-1,-1;STREETTYPE "STREETTYPE" true true false 2 Text 0 0 ,First,#,D:/GIS/ArcMap/OpenMapping.gdb/County/Landfills,STREETTYPE,-1,-1;CITY "CITY" true true false 15 Text 0 0 ,First,#,D:/GIS/ArcMap/OpenMapping.gdb/County/Landfills,CITY,-1,-1;ZIP "ZIP" true true false 13 Text 0 0 ,First,#,D:/GIS/ArcMap/OpenMapping.gdb/County/Landfills,ZIP,-1,-1;CODE "CODE" true true false 6 Text 0 0 ,First,#,D:/GIS/ArcMap/OpenMapping.gdb/County/Landfills,CODE,-1,-1;STATUS_1 "STATUS_1" true true false 8 Text 0 0 ,First,#,D:/GIS/ArcMap/OpenMapping.gdb/County/Landfills,STATUS_1,-1,-1;PERMIT_NO "PERMIT_NO" true true false 8 Text 0 0 ,First,#,D:/GIS/ArcMap/OpenMapping.gdb/County/Landfills,PERMIT_NO,-1,-1;ISSUE_DATE "ISSUE_DATE" true true false 8 Date 0 0 ,First,#,D:/GIS/ArcMap/OpenMapping.gdb/County/Landfills,ISSUE_DATE,-1,-1;FACILITYID "FACILITYID" true true false 50 Text 0 0 ,First,#,D:/GIS/ArcMap/OpenMapping.gdb/County/Landfills,FACILITYID,-1,-1;LOCATION "LOCATION" true true false 100 Text 0 0 ,First,#,D:/GIS/ArcMap/OpenMapping.gdb/County/Landfills,LOCATION,-1,-1;SHAPE_Leng "SHAPE_Leng" false true true 8 Double 0 0 ,First,#,D:/GIS/ArcMap/OpenMapping.gdb/County/Landfills,SHAPE_Length,-1,-1;SHAPE_Area "SHAPE_Area" false true true 8 Double 0 0 ,First,#,D:/GIS/ArcMap/OpenMapping.gdb/County/Landfills,SHAPE_Area,-1,-1" #</Process></lineage><itemProps><itemLocation><linkage Sync="TRUE">file://\\LUE-8PQNK93\D$\GIS\Python\OpenMapping\Landfills.shp</linkage><protocol Sync="TRUE">Local Area Network</protocol></itemLocation><itemName Sync="TRUE">Landfills</itemName><imsContentType Sync="TRUE">002</imsContentType><itemSize Sync="TRUE">0.000</itemSize></itemProps><coordRef><type Sync="TRUE">Projected</type><geogcsn Sync="TRUE">GCS_North_American_1983</geogcsn><csUnits Sync="TRUE">Linear Unit: Foot_US (0.304801)</csUnits><projcsn Sync="TRUE">NAD_1983_StatePlane_North_Carolina_FIPS_3200_Feet</projcsn><peXml Sync="TRUE">&lt;ProjectedCoordinateSystem xsi:type='typens:ProjectedCoordinateSystem' xmlns:xsi='http://www.w3.org/2001/XMLSchema-instance' xmlns:xs='http://www.w3.org/2001/XMLSchema' xmlns:typens='http://www.esri.com/schemas/ArcGIS/10.8'&gt;&lt;WKT&gt;PROJCS[&amp;quot;NAD_1983_StatePlane_North_Carolina_FIPS_3200_Feet&amp;quot;,GEOGCS[&amp;quot;GCS_North_American_1983&amp;quot;,DATUM[&amp;quot;D_North_American_1983&amp;quot;,SPHEROID[&amp;quot;GRS_1980&amp;quot;,6378137.0,298.257222101]],PRIMEM[&amp;quot;Greenwich&amp;quot;,0.0],UNIT[&amp;quot;Degree&amp;quot;,0.0174532925199433]],PROJECTION[&amp;quot;Lambert_Conformal_Conic&amp;quot;],PARAMETER[&amp;quot;False_Easting&amp;quot;,2000000.002616666],PARAMETER[&amp;quot;False_Northing&amp;quot;,0.0],PARAMETER[&amp;quot;Central_Meridian&amp;quot;,-79.0],PARAMETER[&amp;quot;Standard_Parallel_1&amp;quot;,34.33333333333334],PARAMETER[&amp;quot;Standard_Parallel_2&amp;quot;,36.16666666666666],PARAMETER[&amp;quot;Latitude_Of_Origin&amp;quot;,33.75],UNIT[&amp;quot;Foot_US&amp;quot;,0.3048006096012192],AUTHORITY[&amp;quot;EPSG&amp;quot;,2264]]&lt;/WKT&gt;&lt;XOrigin&gt;-121841900&lt;/XOrigin&gt;&lt;YOrigin&gt;-93659000&lt;/YOrigin&gt;&lt;XYScale&gt;36365718.124241434&lt;/XYScale&gt;&lt;ZOrigin&gt;-100000&lt;/ZOrigin&gt;&lt;ZScale&gt;10000&lt;/ZScale&gt;&lt;MOrigin&gt;-100000&lt;/MOrigin&gt;&lt;MScale&gt;10000&lt;/MScale&gt;&lt;XYTolerance&gt;0.0032808333333333331&lt;/XYTolerance&gt;&lt;ZTolerance&gt;0.001&lt;/ZTolerance&gt;&lt;MTolerance&gt;0.001&lt;/MTolerance&gt;&lt;HighPrecision&gt;true&lt;/HighPrecision&gt;&lt;WKID&gt;102719&lt;/WKID&gt;&lt;LatestWKID&gt;2264&lt;/LatestWKID&gt;&lt;/ProjectedCoordinateSystem&gt;</peXml></coordRef></DataProperties><ArcGISFormat>1.0</ArcGISFormat><ArcGISProfile>ItemDescription</ArcGISProfile></Esri><idinfo><native Sync="TRUE">Microsoft Windows XP Version 5.1 (Build 2600) Service Pack 2; ESRI ArcCatalog 9.1.0.780</native><descript><langdata Sync="TRUE">en</langdata><abstract>REQUIRED: A brief narrative summary of the data set.</abstract><purpose>REQUIRED: A summary of the intentions with which the data set was developed.</purpose></descript><citation><citeinfo><origin>REQUIRED: The name of an organization or individual that developed the data set.</origin><pubdate>REQUIRED: The date when the data set is published or otherwise made available for release.</pubdate><title Sync="TRUE">Landfills</title><ftname Sync="TRUE">edms_gis.SDE.Landfills</ftname><geoform Sync="TRUE">vector digital data</geoform><onlink Sync="TRUE">Server=EDMSSQLPRD; Service=edms_sde; Database=edms_gis; User=sde; Version=sde.DEFAULT</onlink></citeinfo></citation><timeperd><current>REQUIRED: The basis on which the time period of content information is determined.</current><timeinfo><sngdate><caldate>REQUIRED: The year (and optionally month, or month and day) for which the data set corresponds to the ground.</caldate></sngdate></timeinfo></timeperd><status><progress>REQUIRED: The state of the data set.</progress><update>REQUIRED: The frequency with which changes and additions are made to the data set after the initial data set is completed.</update></status><spdom><bounding><westbc Sync="TRUE">REQUIRED: Western-most coordinate of the limit of coverage expressed in longitude.</westbc><eastbc Sync="TRUE">REQUIRED: Eastern-most coordinate of the limit of coverage expressed in longitude.</eastbc><northbc Sync="TRUE">REQUIRED: Northern-most coordinate of the limit of coverage expressed in latitude.</northbc><southbc Sync="TRUE">REQUIRED: Southern-most coordinate of the limit of coverage expressed in latitude.</southbc></bounding></spdom><keywords><theme><themekt>REQUIRED: Reference to a formally registered thesaurus or a similar authoritative source of theme keywords.</themekt><themekey>REQUIRED: Common-use word or phrase used to describe the subject of the data set.</themekey></theme></keywords><accconst>REQUIRED: Restrictions and legal prerequisites for accessing the data set.</accconst><useconst>REQUIRED: Restrictions and legal prerequisites for using the data set after access is granted.</useconst><natvform Sync="TRUE">SDE Feature Class</natvform></idinfo><dataIdInfo><envirDesc Sync="TRUE"> Version 6.2 (Build 9200) ; Esri ArcGIS 10.8.1.14362</envirDesc><dataLang><languageCode Sync="TRUE" value="eng"/><countryCode value="USA" Sync="TRUE"></countryCode></dataLang><idCitation><resTitle Sync="FALSE">Landfills</resTitle><presForm><PresFormCd Sync="TRUE" value="005"/></presForm></idCitation><spatRpType><SpatRepTypCd Sync="TRUE" value="001"/></spatRpType><idPurp>REQUIRED: A summary of the intentions with which the data set was developed.</idPurp><idAbs>&lt;DIV STYLE="text-align:Left;"&gt;&lt;DIV&gt;&lt;P&gt;&lt;SPAN&gt;REQUIRED: A brief narrative summary of the data set.&lt;/SPAN&gt;&lt;/P&gt;&lt;/DIV&gt;&lt;/DIV&gt;</idAbs><searchKeys><keyword>REQUIRED: Common-use word or phrase used to describe the subject of the data set.</keyword></searchKeys><resConst><Consts><useLimit>REQUIRED: Restrictions and legal prerequisites for using the data set after access is granted.</useLimit></Consts></resConst></dataIdInfo><metainfo><langmeta Sync="TRUE">en</langmeta><metstdn Sync="TRUE">FGDC Content Standards for Digital Geospatial Metadata</metstdn><metstdv Sync="TRUE">FGDC-STD-001-1998</metstdv><mettc Sync="TRUE">local time</mettc><metc><cntinfo><cntorgp><cntper>REQUIRED: The person responsible for the metadata information.</cntper><cntorg>REQUIRED: The organization responsible for the metadata information.</cntorg></cntorgp><cntaddr><addrtype>REQUIRED: The mailing and/or physical address for the organization or individual.</addrtype><city>REQUIRED: The city of the address.</city><state>REQUIRED: The state or province of the address.</state><postal>REQUIRED: The ZIP or other postal code of the address.</postal></cntaddr><cntvoice>REQUIRED: The telephone number by which individuals can speak to the organization or individual.</cntvoice></cntinfo></metc><metd Sync="TRUE">20061009</metd></metainfo><mdLang><languageCode Sync="TRUE" value="eng"/><countryCode value="USA" Sync="TRUE"></countryCode></mdLang><mdStanName Sync="TRUE">ISO 19115 Geographic Information - Metadata</mdStanName><mdStanVer Sync="TRUE">DIS_ESRI1.0</mdStanVer><mdChar><CharSetCd Sync="TRUE" value="004"/></mdChar><mdHrLv><ScopeCd Sync="TRUE" value="005"/></mdHrLv><mdHrLvName Sync="TRUE">dataset</mdHrLvName><distinfo><resdesc Sync="TRUE">Downloadable Data</resdesc></distinfo><distInfo><distributor><distorTran><onLineSrc><orDesc Sync="TRUE">002</orDesc><linkage Sync="TRUE">Server=EDMSSQLPRD; Service=edms_sde; Database=edms_gis; User=sde; Version=sde.DEFAULT</linkage><protocol Sync="TRUE">ArcSDE Connection</protocol></onLineSrc></distorTran><distorFormat><formatName Sync="TRUE">SDE Feature Class</formatName></distorFormat></distributor><distFormat><formatName Sync="TRUE">Shapefile</formatName></distFormat><distTranOps><transSize Sync="TRUE">0.000</transSize></distTranOps></distInfo><spdoinfo><direct Sync="TRUE">Vector</direct><ptvctinf><esriterm Name="Landfills"><efeatyp Sync="TRUE">Simple</efeatyp><efeageom code="4" Sync="TRUE"></efeageom><esritopo Sync="TRUE">FALSE</esritopo><efeacnt Sync="TRUE">0</efeacnt><spindex Sync="TRUE">FALSE</spindex><linrefer Sync="TRUE">FALSE</linrefer></esriterm></ptvctinf></spdoinfo><spref><horizsys><cordsysn><geogcsn Sync="TRUE">GCS_North_American_1983</geogcsn><projcsn Sync="TRUE">NAD_1983_StatePlane_North_Carolina_FIPS_3200_Feet</projcsn></cordsysn><planar><planci><plance Sync="TRUE">coordinate pair</plance><plandu Sync="TRUE">survey feet</plandu><coordrep><absres Sync="TRUE">0.000256</absres><ordres Sync="TRUE">0.000256</ordres></coordrep></planci></planar><geodetic><horizdn Sync="TRUE">North American Datum of 1983</horizdn><ellips Sync="TRUE">Geodetic Reference System 80</ellips><semiaxis Sync="TRUE">6378137.000000</semiaxis><denflat Sync="TRUE">298.257222</denflat></geodetic></horizsys><vertdef><altsys><altenc Sync="TRUE">Explicit elevation coordinate included with horizontal coordinates</altenc><altres Sync="TRUE">1.000000</altres></altsys></vertdef></spref><refSysInfo><RefSystem><refSysID><identCode Sync="TRUE" code="2264">NAD_1983_StatePlane_North_Carolina_FIPS_3200_Feet</identCode><idCodeSpace Sync="TRUE">EPSG</idCodeSpace><idVersion Sync="TRUE">6.12(9.0.0)</idVersion></refSysID></RefSystem></refSysInfo><spatRepInfo><VectSpatRep><geometObjs Name="Landfills"><geoObjTyp><GeoObjTypCd value="002" Sync="TRUE"></GeoObjTypCd></geoObjTyp><geoObjCnt Sync="TRUE">0</geoObjCnt></geometObjs><topLvl><TopoLevCd value="001" Sync="TRUE"></TopoLevCd></topLvl></VectSpatRep></spatRepInfo><eainfo><detailed Name="Landfills"><enttyp><enttypl Sync="TRUE">Landfills</enttypl><enttypt Sync="TRUE">Feature Class</enttypt><enttypc Sync="TRUE">0</enttypc></enttyp><attr><attrlabl Sync="TRUE">FID</attrlabl><attalias Sync="TRUE">FID</attalias><attrtype Sync="TRUE">OID</attrtype><attwidth Sync="TRUE">4</attwidth><atprecis Sync="TRUE">0</atprecis><attscale Sync="TRUE">0</attscale><attrdef Sync="TRUE">Internal feature number.</attrdef><attrdefs Sync="TRUE">Esri</attrdefs><attrdomv><udom Sync="TRUE">Sequential unique whole numbers that are automatically generated.</udom></attrdomv></attr><attr><attrlabl Sync="TRUE">PID</attrlabl><attalias Sync="TRUE">PID</attalias><attrtype Sync="TRUE">String</attrtype><attwidth Sync="TRUE">8</attwidth><atprecis Sync="TRUE">0</atprecis><attscale Sync="TRUE">0</attscale></attr><attr><attrlabl Sync="TRUE">LANDFILL</attrlabl><attalias Sync="TRUE">LANDFILL</attalias><attrtype Sync="TRUE">String</attrtype><attwidth Sync="TRUE">1</attwidth><atprecis Sync="TRUE">0</atprecis><attscale Sync="TRUE">0</attscale></attr><attr><attrlabl Sync="TRUE">NAME</attrlabl><attalias Sync="TRUE">NAME</attalias><attrtype Sync="TRUE">String</attrtype><attwidth Sync="TRUE">40</attwidth><atprecis Sync="TRUE">0</atprecis><attscale Sync="TRUE">0</attscale></attr><attr><attrlabl Sync="TRUE">STREETNO</attrlabl><attalias Sync="TRUE">STREETNO</attalias><attrtype Sync="TRUE">String</attrtype><attwidth Sync="TRUE">5</attwidth><atprecis Sync="TRUE">0</atprecis><attscale Sync="TRUE">0</attscale></attr><attr><attrlabl Sync="TRUE">STREETDIR</attrlabl><attalias Sync="TRUE">STREETDIR</attalias><attrtype Sync="TRUE">String</attrtype><attwidth Sync="TRUE">1</attwidth><atprecis Sync="TRUE">0</atprecis><attscale Sync="TRUE">0</attscale></attr><attr><attrlabl Sync="TRUE">STREETNAME</attrlabl><attalias Sync="TRUE">STREETNAME</attalias><attrtype Sync="TRUE">String</attrtype><attwidth Sync="TRUE">30</attwidth><atprecis Sync="TRUE">0</atprecis><attscale Sync="TRUE">0</attscale></attr><attr><attrlabl Sync="TRUE">STREETTYPE</attrlabl><attalias Sync="TRUE">STREETTYPE</attalias><attrtype Sync="TRUE">String</attrtype><attwidth Sync="TRUE">2</attwidth><atprecis Sync="TRUE">0</atprecis><attscale Sync="TRUE">0</attscale></attr><attr><attrlabl Sync="TRUE">CITY</attrlabl><attalias Sync="TRUE">CITY</attalias><attrtype Sync="TRUE">String</attrtype><attwidth Sync="TRUE">15</attwidth><atprecis Sync="TRUE">0</atprecis><attscale Sync="TRUE">0</attscale></attr><attr><attrlabl Sync="TRUE">ZIP</attrlabl><attalias Sync="TRUE">ZIP</attalias><attrtype Sync="TRUE">String</attrtype><attwidth Sync="TRUE">13</attwidth><atprecis Sync="TRUE">0</atprecis><attscale Sync="TRUE">0</attscale></attr><attr><attrlabl Sync="TRUE">CODE</attrlabl><attalias Sync="TRUE">CODE</attalias><attrtype Sync="TRUE">String</attrtype><attwidth Sync="TRUE">6</attwidth><atprecis Sync="TRUE">0</atprecis><attscale Sync="TRUE">0</attscale></attr><attr><attrlabl Sync="TRUE">STATUS_1</attrlabl><attalias Sync="TRUE">STATUS_1</attalias><attrtype Sync="TRUE">String</attrtype><attwidth Sync="TRUE">8</attwidth><atprecis Sync="TRUE">0</atprecis><attscale Sync="TRUE">0</attscale></attr><attr><attrlabl Sync="TRUE">PERMIT_NO</attrlabl><attalias Sync="TRUE">PERMIT_NO</attalias><attrtype Sync="TRUE">String</attrtype><attwidth Sync="TRUE">8</attwidth><atprecis Sync="TRUE">0</atprecis><attscale Sync="TRUE">0</attscale></attr><attr><attrlabl Sync="TRUE">ISSUE_DATE</attrlabl><attalias Sync="TRUE">ISSUE_DATE</attalias><attrtype Sync="TRUE">Date</attrtype><attwidth Sync="TRUE">8</attwidth><atprecis Sync="TRUE">0</atprecis><attscale Sync="TRUE">0</attscale></attr><attr><attrlabl Sync="TRUE">FACILITYID</attrlabl><attalias Sync="TRUE">FACILITYID</attalias><attrtype Sync="TRUE">String</attrtype><attwidth Sync="TRUE">50</attwidth><atprecis Sync="TRUE">0</atprecis><attscale Sync="TRUE">0</attscale></attr><attr><attrlabl Sync="TRUE">LOCATION</attrlabl><attalias Sync="TRUE">LOCATION</attalias><attrtype Sync="TRUE">String</attrtype><attwidth Sync="TRUE">100</attwidth><atprecis Sync="TRUE">0</atprecis><attscale Sync="TRUE">0</attscale></attr><attr><attrlabl Sync="TRUE">SHAPE</attrlabl><attalias Sync="TRUE">Shape</attalias><attrtype Sync="TRUE">Geometry</attrtype><attwidth Sync="TRUE">0</attwidth><atprecis Sync="TRUE">0</atprecis><attscale Sync="TRUE">0</attscale><attrdef Sync="TRUE">Feature geometry.</attrdef><attrdefs Sync="TRUE">ESRI</attrdefs><attrdomv><udom Sync="TRUE">Coordinates defining the features.</udom></attrdomv></attr><attr><attrlabl Sync="TRUE">SHAPE_Leng</attrlabl><attalias Sync="TRUE">SHAPE_Leng</attalias><attrtype Sync="TRUE">Double</attrtype><attwidth Sync="TRUE">19</attwidth><atprecis Sync="TRUE">0</atprecis><attscale Sync="TRUE">0</attscale></attr><attr><attrlabl Sync="TRUE">SHAPE_Area</attrlabl><attalias Sync="TRUE">SHAPE_Area</attalias><attrtype Sync="TRUE">Double</attrtype><attwidth Sync="TRUE">19</attwidth><atprecis Sync="TRUE">0</atprecis><attscale Sync="TRUE">0</attscale><attrdef Sync="TRUE">Area of feature in internal units squared.</attrdef><attrdefs Sync="TRUE">Esri</attrdefs><attrdomv><udom Sync="TRUE">Positive real numbers that are automatically generated.</udom></attrdomv></attr></detailed></eainfo><mdDateSt Sync="TRUE">20221004</mdDateSt></metadata>
