<metadata xml:lang="en"><Esri><CreaDate>20221003</CreaDate><CreaTime>07510500</CreaTime><ArcGISFormat>1.0</ArcGISFormat><SyncOnce>FALSE</SyncOnce><DataProperties><lineage><Process ToolSource="c:\arcgis\desktop10.8\ArcToolbox\Toolboxes\Data Management Tools.tbx\CopyFeatures" Date="20221003" Time="075105">CopyFeatures C:/Users/t-blacksr/AppData/Roaming/ESRI/Desktop10.8/ArcCatalog/GIS.sde\gis.sde.Creeks_Streams_ln D:\GIS\ArcMap\OpenMapping.gdb\County\Creeks_Streams_ln # 0 0 0</Process><Process ToolSource="c:\arcgis\desktop10.8\ArcToolbox\Toolboxes\Conversion Tools.tbx\FeatureClassToFeatureClass" Date="20221003" Time="075108">FeatureClassToFeatureClass D:/GIS/ArcMap/OpenMapping.gdb/County/Creeks_Streams_ln D:/GIS/Python/OpenMapping Creeks_Streams # "objectid_1 "objectid_1" true true false 8 Double 0 0 ,First,#,D:/GIS/ArcMap/OpenMapping.gdb/County/Creeks_Streams_ln,objectid_1,-1,-1;objectid "objectid" true true false 8 Double 0 0 ,First,#,D:/GIS/ArcMap/OpenMapping.gdb/County/Creeks_Streams_ln,objectid,-1,-1;class "class" true true false 16 Text 0 0 ,First,#,D:/GIS/ArcMap/OpenMapping.gdb/County/Creeks_Streams_ln,class,-1,-1;name "name" true true false 20 Text 0 0 ,First,#,D:/GIS/ArcMap/OpenMapping.gdb/County/Creeks_Streams_ln,name,-1,-1;us_1 "us_1" true true false 20 Text 0 0 ,First,#,D:/GIS/ArcMap/OpenMapping.gdb/County/Creeks_Streams_ln,us_1,-1,-1;us_2 "us_2" true true false 20 Text 0 0 ,First,#,D:/GIS/ArcMap/OpenMapping.gdb/County/Creeks_Streams_ln,us_2,-1,-1;us_3 "us_3" true true false 20 Text 0 0 ,First,#,D:/GIS/ArcMap/OpenMapping.gdb/County/Creeks_Streams_ln,us_3,-1,-1;us_4 "us_4" true true false 20 Text 0 0 ,First,#,D:/GIS/ArcMap/OpenMapping.gdb/County/Creeks_Streams_ln,us_4,-1,-1;stream "stream" true true false 50 Text 0 0 ,First,#,D:/GIS/ArcMap/OpenMapping.gdb/County/Creeks_Streams_ln,stream,-1,-1;ds_1 "ds_1" true true false 20 Text 0 0 ,First,#,D:/GIS/ArcMap/OpenMapping.gdb/County/Creeks_Streams_ln,ds_1,-1,-1;orientate "orientate" true true false 8 Text 0 0 ,First,#,D:/GIS/ArcMap/OpenMapping.gdb/County/Creeks_Streams_ln,orientate,-1,-1;adjust "adjust" true true false 8 Double 0 0 ,First,#,D:/GIS/ArcMap/OpenMapping.gdb/County/Creeks_Streams_ln,adjust,-1,-1;us_station "us_station" true true false 8 Double 0 0 ,First,#,D:/GIS/ArcMap/OpenMapping.gdb/County/Creeks_Streams_ln,us_station,-1,-1;ds_station "ds_station" true true false 8 Double 0 0 ,First,#,D:/GIS/ArcMap/OpenMapping.gdb/County/Creeks_Streams_ln,ds_station,-1,-1;chan_depth "chan_depth" true true false 8 Double 0 0 ,First,#,D:/GIS/ArcMap/OpenMapping.gdb/County/Creeks_Streams_ln,chan_depth,-1,-1;buff_width "buff_width" true true false 8 Double 0 0 ,First,#,D:/GIS/ArcMap/OpenMapping.gdb/County/Creeks_Streams_ln,buff_width,-1,-1;gis_sde_cr "gis_sde_cr" true true false 8 Double 0 0 ,First,#,D:/GIS/ArcMap/OpenMapping.gdb/County/Creeks_Streams_ln,gis_sde_creeks_streams_area,-1,-1;perimeter "perimeter" true true false 8 Double 0 0 ,First,#,D:/GIS/ArcMap/OpenMapping.gdb/County/Creeks_Streams_ln,perimeter,-1,-1;etj "etj" true true false 8 Double 0 0 ,First,#,D:/GIS/ArcMap/OpenMapping.gdb/County/Creeks_Streams_ln,etj,-1,-1;symbol "symbol" true true false 8 Double 0 0 ,First,#,D:/GIS/ArcMap/OpenMapping.gdb/County/Creeks_Streams_ln,symbol,-1,-1;town "town" true true false 16 Text 0 0 ,First,#,D:/GIS/ArcMap/OpenMapping.gdb/County/Creeks_Streams_ln,town,-1,-1;status "status" true true false 25 Text 0 0 ,First,#,D:/GIS/ArcMap/OpenMapping.gdb/County/Creeks_Streams_ln,status,-1,-1;date_ "date_" true true false 16 Text 0 0 ,First,#,D:/GIS/ArcMap/OpenMapping.gdb/County/Creeks_Streams_ln,date_,-1,-1;shape_Leng "shape_Leng" false true true 8 Double 0 0 ,First,#,D:/GIS/ArcMap/OpenMapping.gdb/County/Creeks_Streams_ln,shape_Length,-1,-1" #</Process></lineage><itemProps><itemName Sync="TRUE">Creeks_Streams</itemName><imsContentType Sync="TRUE">002</imsContentType><itemSize Sync="TRUE">0.000</itemSize><itemLocation><linkage Sync="TRUE">file://\\SUS-SCRP-P-AP1V\D$\GIS\Python\OpenMapping\Creeks_Streams.shp</linkage><protocol Sync="TRUE">Local Area Network</protocol></itemLocation></itemProps><coordRef><type Sync="TRUE">Projected</type><geogcsn Sync="TRUE">GCS_North_American_1983</geogcsn><csUnits Sync="TRUE">Linear Unit: Foot_US (0.304801)</csUnits><projcsn Sync="TRUE">NAD_1983_StatePlane_North_Carolina_FIPS_3200_Feet</projcsn><peXml Sync="TRUE">&lt;ProjectedCoordinateSystem xsi:type='typens:ProjectedCoordinateSystem' xmlns:xsi='http://www.w3.org/2001/XMLSchema-instance' xmlns:xs='http://www.w3.org/2001/XMLSchema' xmlns:typens='http://www.esri.com/schemas/ArcGIS/10.8'&gt;&lt;WKT&gt;PROJCS[&amp;quot;NAD_1983_StatePlane_North_Carolina_FIPS_3200_Feet&amp;quot;,GEOGCS[&amp;quot;GCS_North_American_1983&amp;quot;,DATUM[&amp;quot;D_North_American_1983&amp;quot;,SPHEROID[&amp;quot;GRS_1980&amp;quot;,6378137.0,298.257222101]],PRIMEM[&amp;quot;Greenwich&amp;quot;,0.0],UNIT[&amp;quot;Degree&amp;quot;,0.0174532925199433]],PROJECTION[&amp;quot;Lambert_Conformal_Conic&amp;quot;],PARAMETER[&amp;quot;False_Easting&amp;quot;,2000000.002616666],PARAMETER[&amp;quot;False_Northing&amp;quot;,0.0],PARAMETER[&amp;quot;Central_Meridian&amp;quot;,-79.0],PARAMETER[&amp;quot;Standard_Parallel_1&amp;quot;,34.33333333333334],PARAMETER[&amp;quot;Standard_Parallel_2&amp;quot;,36.16666666666666],PARAMETER[&amp;quot;Latitude_Of_Origin&amp;quot;,33.75],UNIT[&amp;quot;Foot_US&amp;quot;,0.3048006096012192],AUTHORITY[&amp;quot;EPSG&amp;quot;,2264]]&lt;/WKT&gt;&lt;XOrigin&gt;-121841900&lt;/XOrigin&gt;&lt;YOrigin&gt;-93659000&lt;/YOrigin&gt;&lt;XYScale&gt;36365718.124241434&lt;/XYScale&gt;&lt;ZOrigin&gt;-100000&lt;/ZOrigin&gt;&lt;ZScale&gt;10000&lt;/ZScale&gt;&lt;MOrigin&gt;-100000&lt;/MOrigin&gt;&lt;MScale&gt;10000&lt;/MScale&gt;&lt;XYTolerance&gt;0.0032808333333333331&lt;/XYTolerance&gt;&lt;ZTolerance&gt;0.001&lt;/ZTolerance&gt;&lt;MTolerance&gt;0.001&lt;/MTolerance&gt;&lt;HighPrecision&gt;true&lt;/HighPrecision&gt;&lt;WKID&gt;102719&lt;/WKID&gt;&lt;LatestWKID&gt;2264&lt;/LatestWKID&gt;&lt;/ProjectedCoordinateSystem&gt;</peXml></coordRef></DataProperties><SyncDate>20221003</SyncDate><SyncTime>07510700</SyncTime><ModDate>20221003</ModDate><ModTime>07510700</ModTime></Esri><dataIdInfo><envirDesc Sync="TRUE"> Version 6.2 (Build 9200) ; Esri ArcGIS 10.8.1.14362</envirDesc><dataLang><languageCode value="eng" Sync="TRUE"></languageCode><countryCode value="USA" Sync="TRUE"></countryCode></dataLang><idCitation><resTitle Sync="TRUE">Creeks_Streams</resTitle><presForm><PresFormCd value="005" Sync="TRUE"></PresFormCd></presForm></idCitation><spatRpType><SpatRepTypCd value="001" Sync="TRUE"></SpatRepTypCd></spatRpType></dataIdInfo><mdLang><languageCode value="eng" Sync="TRUE"></languageCode><countryCode value="USA" Sync="TRUE"></countryCode></mdLang><distInfo><distFormat><formatName Sync="TRUE">Shapefile</formatName></distFormat><distTranOps><transSize Sync="TRUE">0.000</transSize></distTranOps></distInfo><mdHrLv><ScopeCd value="005" Sync="TRUE"></ScopeCd></mdHrLv><mdHrLvName Sync="TRUE">dataset</mdHrLvName><refSysInfo><RefSystem><refSysID><identCode code="2264" Sync="TRUE"></identCode><idCodeSpace Sync="TRUE">EPSG</idCodeSpace><idVersion Sync="TRUE">6.12(9.0.0)</idVersion></refSysID></RefSystem></refSysInfo><spatRepInfo><VectSpatRep><geometObjs Name="Creeks_Streams"><geoObjTyp><GeoObjTypCd value="002" Sync="TRUE"></GeoObjTypCd></geoObjTyp><geoObjCnt Sync="TRUE">0</geoObjCnt></geometObjs><topLvl><TopoLevCd value="001" Sync="TRUE"></TopoLevCd></topLvl></VectSpatRep></spatRepInfo><spdoinfo><ptvctinf><esriterm Name="Creeks_Streams"><efeatyp Sync="TRUE">Simple</efeatyp><efeageom code="3" Sync="TRUE"></efeageom><esritopo Sync="TRUE">FALSE</esritopo><efeacnt Sync="TRUE">0</efeacnt><spindex Sync="TRUE">FALSE</spindex><linrefer Sync="TRUE">FALSE</linrefer></esriterm></ptvctinf></spdoinfo><eainfo><detailed Name="Creeks_Streams"><enttyp><enttypl Sync="TRUE">Creeks_Streams</enttypl><enttypt Sync="TRUE">Feature Class</enttypt><enttypc Sync="TRUE">0</enttypc></enttyp><attr><attrlabl Sync="TRUE">FID</attrlabl><attalias Sync="TRUE">FID</attalias><attrtype Sync="TRUE">OID</attrtype><attwidth Sync="TRUE">4</attwidth><atprecis Sync="TRUE">0</atprecis><attscale Sync="TRUE">0</attscale><attrdef Sync="TRUE">Internal feature number.</attrdef><attrdefs Sync="TRUE">Esri</attrdefs><attrdomv><udom Sync="TRUE">Sequential unique whole numbers that are automatically generated.</udom></attrdomv></attr><attr><attrlabl Sync="TRUE">Shape</attrlabl><attalias Sync="TRUE">Shape</attalias><attrtype Sync="TRUE">Geometry</attrtype><attwidth Sync="TRUE">0</attwidth><atprecis Sync="TRUE">0</atprecis><attscale Sync="TRUE">0</attscale><attrdef Sync="TRUE">Feature geometry.</attrdef><attrdefs Sync="TRUE">Esri</attrdefs><attrdomv><udom Sync="TRUE">Coordinates defining the features.</udom></attrdomv></attr><attr><attrlabl Sync="TRUE">objectid_1</attrlabl><attalias Sync="TRUE">objectid_1</attalias><attrtype Sync="TRUE">Double</attrtype><attwidth Sync="TRUE">19</attwidth><atprecis Sync="TRUE">0</atprecis><attscale Sync="TRUE">0</attscale></attr><attr><attrlabl Sync="TRUE">objectid</attrlabl><attalias Sync="TRUE">objectid</attalias><attrtype Sync="TRUE">Double</attrtype><attwidth Sync="TRUE">19</attwidth><atprecis Sync="TRUE">0</atprecis><attscale Sync="TRUE">0</attscale></attr><attr><attrlabl Sync="TRUE">class</attrlabl><attalias Sync="TRUE">class</attalias><attrtype Sync="TRUE">String</attrtype><attwidth Sync="TRUE">16</attwidth><atprecis Sync="TRUE">0</atprecis><attscale Sync="TRUE">0</attscale></attr><attr><attrlabl Sync="TRUE">name</attrlabl><attalias Sync="TRUE">name</attalias><attrtype Sync="TRUE">String</attrtype><attwidth Sync="TRUE">20</attwidth><atprecis Sync="TRUE">0</atprecis><attscale Sync="TRUE">0</attscale></attr><attr><attrlabl Sync="TRUE">us_1</attrlabl><attalias Sync="TRUE">us_1</attalias><attrtype Sync="TRUE">String</attrtype><attwidth Sync="TRUE">20</attwidth><atprecis Sync="TRUE">0</atprecis><attscale Sync="TRUE">0</attscale></attr><attr><attrlabl Sync="TRUE">us_2</attrlabl><attalias Sync="TRUE">us_2</attalias><attrtype Sync="TRUE">String</attrtype><attwidth Sync="TRUE">20</attwidth><atprecis Sync="TRUE">0</atprecis><attscale Sync="TRUE">0</attscale></attr><attr><attrlabl Sync="TRUE">us_3</attrlabl><attalias Sync="TRUE">us_3</attalias><attrtype Sync="TRUE">String</attrtype><attwidth Sync="TRUE">20</attwidth><atprecis Sync="TRUE">0</atprecis><attscale Sync="TRUE">0</attscale></attr><attr><attrlabl Sync="TRUE">us_4</attrlabl><attalias Sync="TRUE">us_4</attalias><attrtype Sync="TRUE">String</attrtype><attwidth Sync="TRUE">20</attwidth><atprecis Sync="TRUE">0</atprecis><attscale Sync="TRUE">0</attscale></attr><attr><attrlabl Sync="TRUE">stream</attrlabl><attalias Sync="TRUE">stream</attalias><attrtype Sync="TRUE">String</attrtype><attwidth Sync="TRUE">50</attwidth><atprecis Sync="TRUE">0</atprecis><attscale Sync="TRUE">0</attscale></attr><attr><attrlabl Sync="TRUE">ds_1</attrlabl><attalias Sync="TRUE">ds_1</attalias><attrtype Sync="TRUE">String</attrtype><attwidth Sync="TRUE">20</attwidth><atprecis Sync="TRUE">0</atprecis><attscale Sync="TRUE">0</attscale></attr><attr><attrlabl Sync="TRUE">orientate</attrlabl><attalias Sync="TRUE">orientate</attalias><attrtype Sync="TRUE">String</attrtype><attwidth Sync="TRUE">8</attwidth><atprecis Sync="TRUE">0</atprecis><attscale Sync="TRUE">0</attscale></attr><attr><attrlabl Sync="TRUE">adjust</attrlabl><attalias Sync="TRUE">adjust</attalias><attrtype Sync="TRUE">Double</attrtype><attwidth Sync="TRUE">19</attwidth><atprecis Sync="TRUE">0</atprecis><attscale Sync="TRUE">0</attscale></attr><attr><attrlabl Sync="TRUE">us_station</attrlabl><attalias Sync="TRUE">us_station</attalias><attrtype Sync="TRUE">Double</attrtype><attwidth Sync="TRUE">19</attwidth><atprecis Sync="TRUE">0</atprecis><attscale Sync="TRUE">0</attscale></attr><attr><attrlabl Sync="TRUE">ds_station</attrlabl><attalias Sync="TRUE">ds_station</attalias><attrtype Sync="TRUE">Double</attrtype><attwidth Sync="TRUE">19</attwidth><atprecis Sync="TRUE">0</atprecis><attscale Sync="TRUE">0</attscale></attr><attr><attrlabl Sync="TRUE">chan_depth</attrlabl><attalias Sync="TRUE">chan_depth</attalias><attrtype Sync="TRUE">Double</attrtype><attwidth Sync="TRUE">19</attwidth><atprecis Sync="TRUE">0</atprecis><attscale Sync="TRUE">0</attscale></attr><attr><attrlabl Sync="TRUE">buff_width</attrlabl><attalias Sync="TRUE">buff_width</attalias><attrtype Sync="TRUE">Double</attrtype><attwidth Sync="TRUE">19</attwidth><atprecis Sync="TRUE">0</atprecis><attscale Sync="TRUE">0</attscale></attr><attr><attrlabl Sync="TRUE">gis_sde_cr</attrlabl><attalias Sync="TRUE">gis_sde_cr</attalias><attrtype Sync="TRUE">Double</attrtype><attwidth Sync="TRUE">19</attwidth><atprecis Sync="TRUE">0</atprecis><attscale Sync="TRUE">0</attscale></attr><attr><attrlabl Sync="TRUE">perimeter</attrlabl><attalias Sync="TRUE">perimeter</attalias><attrtype Sync="TRUE">Double</attrtype><attwidth Sync="TRUE">19</attwidth><atprecis Sync="TRUE">0</atprecis><attscale Sync="TRUE">0</attscale></attr><attr><attrlabl Sync="TRUE">etj</attrlabl><attalias Sync="TRUE">etj</attalias><attrtype Sync="TRUE">Double</attrtype><attwidth Sync="TRUE">19</attwidth><atprecis Sync="TRUE">0</atprecis><attscale Sync="TRUE">0</attscale></attr><attr><attrlabl Sync="TRUE">symbol</attrlabl><attalias Sync="TRUE">symbol</attalias><attrtype Sync="TRUE">Double</attrtype><attwidth Sync="TRUE">19</attwidth><atprecis Sync="TRUE">0</atprecis><attscale Sync="TRUE">0</attscale></attr><attr><attrlabl Sync="TRUE">town</attrlabl><attalias Sync="TRUE">town</attalias><attrtype Sync="TRUE">String</attrtype><attwidth Sync="TRUE">16</attwidth><atprecis Sync="TRUE">0</atprecis><attscale Sync="TRUE">0</attscale></attr><attr><attrlabl Sync="TRUE">status</attrlabl><attalias Sync="TRUE">status</attalias><attrtype Sync="TRUE">String</attrtype><attwidth Sync="TRUE">25</attwidth><atprecis Sync="TRUE">0</atprecis><attscale Sync="TRUE">0</attscale></attr><attr><attrlabl Sync="TRUE">date_</attrlabl><attalias Sync="TRUE">date_</attalias><attrtype Sync="TRUE">String</attrtype><attwidth Sync="TRUE">16</attwidth><atprecis Sync="TRUE">0</atprecis><attscale Sync="TRUE">0</attscale></attr><attr><attrlabl Sync="TRUE">shape_Leng</attrlabl><attalias Sync="TRUE">shape_Leng</attalias><attrtype Sync="TRUE">Double</attrtype><attwidth Sync="TRUE">19</attwidth><atprecis Sync="TRUE">0</atprecis><attscale Sync="TRUE">0</attscale></attr></detailed></eainfo><mdDateSt Sync="TRUE">20221003</mdDateSt></metadata>
