<metadata xml:lang="en"><Esri><CreaDate>20210112</CreaDate><CreaTime>23134100</CreaTime><ArcGISFormat>1.0</ArcGISFormat><ArcGISstyle>ISO 19139 Metadata Implementation Specification GML3.2</ArcGISstyle><SyncOnce>FALSE</SyncOnce><DataProperties><itemProps><itemName Sync="TRUE">MedicalFacilities</itemName><nativeExtBox><westBL Sync="TRUE">1403581.503951</westBL><eastBL Sync="TRUE">1512254.002157</eastBL><southBL Sync="TRUE">465745.087732</southBL><northBL Sync="TRUE">645014.421450</northBL><exTypeCode Sync="TRUE">1</exTypeCode></nativeExtBox><itemLocation><linkage Sync="TRUE">file://\\LUE-8PQNK93\D$\GIS\Python\OpenMapping\MedicalFacilities.shp</linkage><protocol Sync="TRUE">Local Area Network</protocol></itemLocation><imsContentType Sync="TRUE">002</imsContentType><itemSize Sync="TRUE">0.000</itemSize></itemProps><coordRef><type Sync="TRUE">Projected</type><geogcsn Sync="TRUE">GCS_North_American_1983</geogcsn><csUnits Sync="TRUE">Linear Unit: Foot_US (0.304801)</csUnits><projcsn Sync="TRUE">NAD_1983_StatePlane_North_Carolina_FIPS_3200_Feet</projcsn><peXml Sync="TRUE">&lt;ProjectedCoordinateSystem xsi:type='typens:ProjectedCoordinateSystem' xmlns:xsi='http://www.w3.org/2001/XMLSchema-instance' xmlns:xs='http://www.w3.org/2001/XMLSchema' xmlns:typens='http://www.esri.com/schemas/ArcGIS/10.8'&gt;&lt;WKT&gt;PROJCS[&amp;quot;NAD_1983_StatePlane_North_Carolina_FIPS_3200_Feet&amp;quot;,GEOGCS[&amp;quot;GCS_North_American_1983&amp;quot;,DATUM[&amp;quot;D_North_American_1983&amp;quot;,SPHEROID[&amp;quot;GRS_1980&amp;quot;,6378137.0,298.257222101]],PRIMEM[&amp;quot;Greenwich&amp;quot;,0.0],UNIT[&amp;quot;Degree&amp;quot;,0.0174532925199433]],PROJECTION[&amp;quot;Lambert_Conformal_Conic&amp;quot;],PARAMETER[&amp;quot;False_Easting&amp;quot;,2000000.002616666],PARAMETER[&amp;quot;False_Northing&amp;quot;,0.0],PARAMETER[&amp;quot;Central_Meridian&amp;quot;,-79.0],PARAMETER[&amp;quot;Standard_Parallel_1&amp;quot;,34.33333333333334],PARAMETER[&amp;quot;Standard_Parallel_2&amp;quot;,36.16666666666666],PARAMETER[&amp;quot;Latitude_Of_Origin&amp;quot;,33.75],UNIT[&amp;quot;Foot_US&amp;quot;,0.3048006096012192],AUTHORITY[&amp;quot;EPSG&amp;quot;,2264]]&lt;/WKT&gt;&lt;XOrigin&gt;-121841900&lt;/XOrigin&gt;&lt;YOrigin&gt;-93659000&lt;/YOrigin&gt;&lt;XYScale&gt;36365718.124241434&lt;/XYScale&gt;&lt;ZOrigin&gt;-100000&lt;/ZOrigin&gt;&lt;ZScale&gt;10000&lt;/ZScale&gt;&lt;MOrigin&gt;-100000&lt;/MOrigin&gt;&lt;MScale&gt;10000&lt;/MScale&gt;&lt;XYTolerance&gt;0.0032808333333333331&lt;/XYTolerance&gt;&lt;ZTolerance&gt;0.001&lt;/ZTolerance&gt;&lt;MTolerance&gt;0.001&lt;/MTolerance&gt;&lt;HighPrecision&gt;true&lt;/HighPrecision&gt;&lt;WKID&gt;102719&lt;/WKID&gt;&lt;LatestWKID&gt;2264&lt;/LatestWKID&gt;&lt;/ProjectedCoordinateSystem&gt;</peXml></coordRef><lineage><Process ToolSource="c:\program files (x86)\arcgis\desktop10.7\ArcToolbox\Toolboxes\Data Management Tools.tbx\TruncateTable" Date="20201215" Time="152223">TruncateTable "Database Connections\myrs-gdbdev-01_SDW.sde\sdw.DBO.MedicalFacilities_pt_New2"</Process><Process ToolSource="c:\program files (x86)\arcgis\desktop10.7\ArcToolbox\Toolboxes\Data Management Tools.tbx\Append" Date="20201215" Time="152427">Append 'Database Connections\myrs-gdbdev-01_SDW.sde\sdw.DBO.MedicalFacilities_pt_old20201215' "Database Connections\myrs-gdbdev-01_SDW.sde\sdw.DBO.MedicalFacilities_pt_New2" NO_TEST "PID "Parcel ID" true true false 15 Text 0 0 ,First,#,Database Connections\myrs-gdbdev-01_SDW.sde\sdw.DBO.MedicalFacilities_pt_old20201215,PID,-1,-1;AddressID "Address ID" true true false 20 Text 0 0 ,First,#,Database Connections\myrs-gdbdev-01_SDW.sde\sdw.DBO.MedicalFacilities_pt_old20201215,AddressID,-1,-1;BWID "Business Wise ID" true true false 15 Text 0 0 ,First,#;Name "Name" true true false 100 Text 0 0 ,First,#,Database Connections\myrs-gdbdev-01_SDW.sde\sdw.DBO.MedicalFacilities_pt_old20201215,Name,-1,-1;Address "Address" true true false 100 Text 0 0 ,First,#;DateAdded "Date Added" true true false 8 Date 0 0 ,First,#;DateDeleted "Date Deleted" true true false 8 Date 0 0 ,First,#;HLT "HLT" true true false 3 Text 0 0 ,First,#,Database Connections\myrs-gdbdev-01_SDW.sde\sdw.DBO.MedicalFacilities_pt_old20201215,HLT,-1,-1;ServiceType "Service Type" true true false 255 Text 0 0 ,First,#,Database Connections\myrs-gdbdev-01_SDW.sde\sdw.DBO.MedicalFacilities_pt_old20201215,ServiceType,-1,-1;GlobalID "GlobalID" false false false 38 GlobalID 0 0 ,First,#,Database Connections\myrs-gdbdev-01_SDW.sde\sdw.DBO.MedicalFacilities_pt_old20201215,GlobalID,-1,-1" #</Process><Process ToolSource="c:\program files (x86)\arcgis\desktop10.7\ArcToolbox\Toolboxes\Data Management Tools.tbx\DeleteFeatures" Date="20210224" Time="090026">DeleteFeatures C:\ArcGIS\Connections\sdw.sde\SDW.DBO.MedicalFacilities_pt</Process><Process ToolSource="c:\program files (x86)\arcgis\desktop10.7\ArcToolbox\Toolboxes\Data Management Tools.tbx\Append" Date="20210224" Time="090034">Append C:\ArcGIS\Connections\dropzone.sde\dropzone."CHARLOTTE\RCERRATO".MedicalFacilities_pt C:\ArcGIS\Connections\sdw.sde\SDW.DBO.MedicalFacilities_pt NO_TEST "PID "Parcel ID" true true false 15 Text 0 0 ,First,#,C:\ArcGIS\Connections\dropzone.sde\dropzone."CHARLOTTE\RCERRATO".MedicalFacilities_pt,PID,-1,-1;AddressID "Address ID" true true false 20 Text 0 0 ,First,#,C:\ArcGIS\Connections\dropzone.sde\dropzone."CHARLOTTE\RCERRATO".MedicalFacilities_pt,AddressID,-1,-1;BWID "Business Wise ID" true true false 15 Text 0 0 ,First,#,C:\ArcGIS\Connections\dropzone.sde\dropzone."CHARLOTTE\RCERRATO".MedicalFacilities_pt,BWID,-1,-1;Name "Name" true true false 100 Text 0 0 ,First,#,C:\ArcGIS\Connections\dropzone.sde\dropzone."CHARLOTTE\RCERRATO".MedicalFacilities_pt,Name,-1,-1;Address "Address" true true false 100 Text 0 0 ,First,#,C:\ArcGIS\Connections\dropzone.sde\dropzone."CHARLOTTE\RCERRATO".MedicalFacilities_pt,Address,-1,-1;DateAdded "Date Added" true true false 8 Date 0 0 ,First,#,C:\ArcGIS\Connections\dropzone.sde\dropzone."CHARLOTTE\RCERRATO".MedicalFacilities_pt,DateAdded,-1,-1;DateDeleted "Date Deleted" true true false 8 Date 0 0 ,First,#,C:\ArcGIS\Connections\dropzone.sde\dropzone."CHARLOTTE\RCERRATO".MedicalFacilities_pt,DateDeleted,-1,-1;HLT "HLT" true true false 3 Text 0 0 ,First,#,C:\ArcGIS\Connections\dropzone.sde\dropzone."CHARLOTTE\RCERRATO".MedicalFacilities_pt,HLT,-1,-1;ServiceType "Service Type" true true false 255 Text 0 0 ,First,#,C:\ArcGIS\Connections\dropzone.sde\dropzone."CHARLOTTE\RCERRATO".MedicalFacilities_pt,ServiceType,-1,-1;GlobalID "Global ID" false false false 38 GlobalID 0 0 ,First,#" #</Process><Process ToolSource="c:\program files (x86)\arcgis\desktop10.7\ArcToolbox\Toolboxes\Data Management Tools.tbx\DeleteFeatures" Date="20210810" Time="110052">DeleteFeatures C:\ArcGIS\Connections\sdw.sde\SDW.DBO.MedicalFacilities_pt</Process><Process ToolSource="c:\program files (x86)\arcgis\desktop10.7\ArcToolbox\Toolboxes\Data Management Tools.tbx\Append" Date="20210810" Time="110057">Append C:\ArcGIS\Connections\dropzone.sde\dropzone."CHARLOTTE\96245".MedicalFacilities_pt C:\ArcGIS\Connections\sdw.sde\SDW.DBO.MedicalFacilities_pt NO_TEST "PID "Parcel ID" true true false 15 Text 0 0 ,First,#,C:\ArcGIS\Connections\dropzone.sde\dropzone."CHARLOTTE\96245".MedicalFacilities_pt,PID,-1,-1;AddressID "Address ID" true true false 20 Text 0 0 ,First,#,C:\ArcGIS\Connections\dropzone.sde\dropzone."CHARLOTTE\96245".MedicalFacilities_pt,AddressID,-1,-1;BWID "Business Wise ID" true true false 15 Text 0 0 ,First,#,C:\ArcGIS\Connections\dropzone.sde\dropzone."CHARLOTTE\96245".MedicalFacilities_pt,BWID,-1,-1;Name "Name" true true false 100 Text 0 0 ,First,#,C:\ArcGIS\Connections\dropzone.sde\dropzone."CHARLOTTE\96245".MedicalFacilities_pt,Name,-1,-1;Address "Address" true true false 100 Text 0 0 ,First,#,C:\ArcGIS\Connections\dropzone.sde\dropzone."CHARLOTTE\96245".MedicalFacilities_pt,Address,-1,-1;DateAdded "Date Added" true true false 8 Date 0 0 ,First,#,C:\ArcGIS\Connections\dropzone.sde\dropzone."CHARLOTTE\96245".MedicalFacilities_pt,DateAdded,-1,-1;DateDeleted "Date Deleted" true true false 8 Date 0 0 ,First,#,C:\ArcGIS\Connections\dropzone.sde\dropzone."CHARLOTTE\96245".MedicalFacilities_pt,DateDeleted,-1,-1;HLT "HLT" true true false 3 Text 0 0 ,First,#,C:\ArcGIS\Connections\dropzone.sde\dropzone."CHARLOTTE\96245".MedicalFacilities_pt,HLT,-1,-1;ServiceType "Service Type" true true false 255 Text 0 0 ,First,#,C:\ArcGIS\Connections\dropzone.sde\dropzone."CHARLOTTE\96245".MedicalFacilities_pt,ServiceType,-1,-1;GlobalID "Global ID" false false false 38 GlobalID 0 0 ,First,#,C:\ArcGIS\Connections\dropzone.sde\dropzone."CHARLOTTE\96245".MedicalFacilities_pt,GlobalID,-1,-1" #</Process><Process ToolSource="c:\program files (x86)\arcgis\desktop10.7\ArcToolbox\Toolboxes\Data Management Tools.tbx\DeleteFeatures" Date="20220114" Time="171326">DeleteFeatures C:\ArcGIS\Connections\sdw.sde\SDW.DBO.MedicalFacilities_pt</Process><Process ToolSource="c:\program files (x86)\arcgis\desktop10.7\ArcToolbox\Toolboxes\Data Management Tools.tbx\Append" Date="20220114" Time="171328">Append C:\ArcGIS\Connections\dropzone.sde\dropzone."CHARLOTTE\DWROBINSON".MedicalFacilities_pt C:\ArcGIS\Connections\sdw.sde\SDW.DBO.MedicalFacilities_pt NO_TEST "PID "Parcel ID" true true false 15 Text 0 0 ,First,#,C:\ArcGIS\Connections\dropzone.sde\dropzone."CHARLOTTE\DWROBINSON".MedicalFacilities_pt,PID,-1,-1;AddressID "Address ID" true true false 20 Text 0 0 ,First,#,C:\ArcGIS\Connections\dropzone.sde\dropzone."CHARLOTTE\DWROBINSON".MedicalFacilities_pt,AddressID,-1,-1;BWID "Business Wise ID" true true false 15 Text 0 0 ,First,#,C:\ArcGIS\Connections\dropzone.sde\dropzone."CHARLOTTE\DWROBINSON".MedicalFacilities_pt,BWID,-1,-1;Name "Name" true true false 100 Text 0 0 ,First,#,C:\ArcGIS\Connections\dropzone.sde\dropzone."CHARLOTTE\DWROBINSON".MedicalFacilities_pt,Name,-1,-1;Address "Address" true true false 100 Text 0 0 ,First,#,C:\ArcGIS\Connections\dropzone.sde\dropzone."CHARLOTTE\DWROBINSON".MedicalFacilities_pt,Address,-1,-1;DateAdded "Date Added" true true false 8 Date 0 0 ,First,#,C:\ArcGIS\Connections\dropzone.sde\dropzone."CHARLOTTE\DWROBINSON".MedicalFacilities_pt,DateAdded,-1,-1;DateDeleted "Date Deleted" true true false 8 Date 0 0 ,First,#,C:\ArcGIS\Connections\dropzone.sde\dropzone."CHARLOTTE\DWROBINSON".MedicalFacilities_pt,DateDeleted,-1,-1;HLT "HLT" true true false 3 Text 0 0 ,First,#,C:\ArcGIS\Connections\dropzone.sde\dropzone."CHARLOTTE\DWROBINSON".MedicalFacilities_pt,HLT,-1,-1;ServiceType "Service Type" true true false 255 Text 0 0 ,First,#,C:\ArcGIS\Connections\dropzone.sde\dropzone."CHARLOTTE\DWROBINSON".MedicalFacilities_pt,ServiceType,-1,-1;GlobalID "Global ID" false false false 38 GlobalID 0 0 ,First,#,C:\ArcGIS\Connections\dropzone.sde\dropzone."CHARLOTTE\DWROBINSON".MedicalFacilities_pt,GlobalID,-1,-1" #</Process><Process ToolSource="c:\program files\arcgis\pro\Resources\ArcToolbox\toolboxes\Data Management Tools.tbx\DeleteFeatures" Date="20220516" Time="090017">DeleteFeatures C:\ArcGIS\Connections\sdw.sde\SDW.DBO.MedicalFacilities_pt</Process><Process ToolSource="c:\program files\arcgis\pro\Resources\ArcToolbox\toolboxes\Data Management Tools.tbx\Append" Date="20220516" Time="090022">Append 'C:\ArcGIS\Connections\dropzone.sde\dropzone."CHARLOTTE\DWROBINSON".MedicalFacilities_pt' C:\ArcGIS\Connections\sdw.sde\SDW.DBO.MedicalFacilities_pt "Use the field map to reconcile field differences" "PID "Parcel ID" true true false 15 Text 0 0,First,#,C:\ArcGIS\Connections\dropzone.sde\dropzone."CHARLOTTE\DWROBINSON".MedicalFacilities_pt,PID,0,15;AddressID "Address ID" true true false 20 Text 0 0,First,#,C:\ArcGIS\Connections\dropzone.sde\dropzone."CHARLOTTE\DWROBINSON".MedicalFacilities_pt,AddressID,0,20;BWID "Business Wise ID" true true false 15 Text 0 0,First,#,C:\ArcGIS\Connections\dropzone.sde\dropzone."CHARLOTTE\DWROBINSON".MedicalFacilities_pt,BWID,0,15;Name "Name" true true false 100 Text 0 0,First,#,C:\ArcGIS\Connections\dropzone.sde\dropzone."CHARLOTTE\DWROBINSON".MedicalFacilities_pt,Name,0,100;Address "Address" true true false 100 Text 0 0,First,#,C:\ArcGIS\Connections\dropzone.sde\dropzone."CHARLOTTE\DWROBINSON".MedicalFacilities_pt,Address,0,100;DateAdded "Date Added" true true false 8 Date 0 0,First,#,C:\ArcGIS\Connections\dropzone.sde\dropzone."CHARLOTTE\DWROBINSON".MedicalFacilities_pt,DateAdded,-1,-1;DateDeleted "Date Deleted" true true false 8 Date 0 0,First,#,C:\ArcGIS\Connections\dropzone.sde\dropzone."CHARLOTTE\DWROBINSON".MedicalFacilities_pt,DateDeleted,-1,-1;HLT "HLT" true true false 3 Text 0 0,First,#,C:\ArcGIS\Connections\dropzone.sde\dropzone."CHARLOTTE\DWROBINSON".MedicalFacilities_pt,HLT,0,3;ServiceType "Service Type" true true false 255 Text 0 0,First,#,C:\ArcGIS\Connections\dropzone.sde\dropzone."CHARLOTTE\DWROBINSON".MedicalFacilities_pt,ServiceType,0,255;GlobalID "Global ID" false false true 38 GlobalID 0 0,First,#" # #</Process><Process ToolSource="c:\arcgis_install\desktop10.8\ArcToolbox\Toolboxes\Data Management Tools.tbx\CopyFeatures" Date="20221003" Time="094203">CopyFeatures C:/Users/blacksr/AppData/Roaming/ESRI/Desktop10.8/ArcCatalog/CITY.sde\SDW.DBO.MedicalFacilities_pt D:\GIS\ArcMap\OpenMapping.gdb\City\MedicalFacilities_pt # 0 0 0</Process><Process ToolSource="c:\arcgis_install\desktop10.8\ArcToolbox\Toolboxes\Conversion Tools.tbx\FeatureClassToFeatureClass" Date="20221003" Time="094204">FeatureClassToFeatureClass D:/GIS/ArcMap/OpenMapping.gdb/City/MedicalFacilities_pt D:/GIS/Python/OpenMapping MedicalFacilities # "PID "Parcel ID" true true false 15 Text 0 0 ,First,#,D:/GIS/ArcMap/OpenMapping.gdb/City/MedicalFacilities_pt,PID,-1,-1;AddressID "Address ID" true true false 20 Text 0 0 ,First,#,D:/GIS/ArcMap/OpenMapping.gdb/City/MedicalFacilities_pt,AddressID,-1,-1;BWID "Business Wise ID" true true false 15 Text 0 0 ,First,#,D:/GIS/ArcMap/OpenMapping.gdb/City/MedicalFacilities_pt,BWID,-1,-1;Name "Name" true true false 100 Text 0 0 ,First,#,D:/GIS/ArcMap/OpenMapping.gdb/City/MedicalFacilities_pt,Name,-1,-1;Address "Address" true true false 100 Text 0 0 ,First,#,D:/GIS/ArcMap/OpenMapping.gdb/City/MedicalFacilities_pt,Address,-1,-1;DateAdded "Date Added" true true false 8 Date 0 0 ,First,#,D:/GIS/ArcMap/OpenMapping.gdb/City/MedicalFacilities_pt,DateAdded,-1,-1;DateDelete "Date Deleted" true true false 8 Date 0 0 ,First,#,D:/GIS/ArcMap/OpenMapping.gdb/City/MedicalFacilities_pt,DateDeleted,-1,-1;HLT "HLT" true true false 3 Text 0 0 ,First,#,D:/GIS/ArcMap/OpenMapping.gdb/City/MedicalFacilities_pt,HLT,-1,-1;ServiceTyp "Service Type" true true false 255 Text 0 0 ,First,#,D:/GIS/ArcMap/OpenMapping.gdb/City/MedicalFacilities_pt,ServiceType,-1,-1" #</Process></lineage></DataProperties><SyncDate>20221003</SyncDate><SyncTime>09420400</SyncTime><ModDate>20221003</ModDate><ModTime>09420400</ModTime><locales><locale language="eng" country="US"/></locales></Esri><eainfo><detailed Name="MedicalFacilities"><enttyp><enttypl Sync="TRUE">MedicalFacilities</enttypl><enttypt Sync="TRUE">Feature Class</enttypt><enttypc Sync="TRUE">0</enttypc></enttyp><attr><attrlabl Sync="TRUE">FID</attrlabl><attalias Sync="TRUE">FID</attalias><attrtype Sync="TRUE">OID</attrtype><attwidth Sync="TRUE">4</attwidth><atprecis Sync="TRUE">0</atprecis><attscale Sync="TRUE">0</attscale><attrdef Sync="TRUE">Internal feature number.</attrdef><attrdefs Sync="TRUE">Esri</attrdefs><attrdomv><udom Sync="TRUE">Sequential unique whole numbers that are automatically generated.</udom></attrdomv></attr><attr><attrlabl Sync="TRUE">PID</attrlabl><attalias Sync="TRUE">PID</attalias><attrtype Sync="TRUE">String</attrtype><attwidth Sync="TRUE">15</attwidth><atprecis Sync="TRUE">0</atprecis><attscale Sync="TRUE">0</attscale></attr><attr><attrlabl Sync="TRUE">AddressID</attrlabl><attalias Sync="TRUE">AddressID</attalias><attrtype Sync="TRUE">String</attrtype><attwidth Sync="TRUE">20</attwidth><atprecis Sync="TRUE">0</atprecis><attscale Sync="TRUE">0</attscale></attr><attr><attrlabl Sync="TRUE">BWID</attrlabl><attalias Sync="TRUE">BWID</attalias><attrtype Sync="TRUE">String</attrtype><attwidth Sync="TRUE">15</attwidth><atprecis Sync="TRUE">0</atprecis><attscale Sync="TRUE">0</attscale></attr><attr><attrlabl Sync="TRUE">Name</attrlabl><attalias Sync="TRUE">Name</attalias><attrtype Sync="TRUE">String</attrtype><attwidth Sync="TRUE">100</attwidth><atprecis Sync="TRUE">0</atprecis><attscale Sync="TRUE">0</attscale></attr><attr><attrlabl Sync="TRUE">Address</attrlabl><attalias Sync="TRUE">Address</attalias><attrtype Sync="TRUE">String</attrtype><attwidth Sync="TRUE">100</attwidth><atprecis Sync="TRUE">0</atprecis><attscale Sync="TRUE">0</attscale></attr><attr><attrlabl Sync="TRUE">DateAdded</attrlabl><attalias Sync="TRUE">DateAdded</attalias><attrtype Sync="TRUE">Date</attrtype><attwidth Sync="TRUE">8</attwidth><atprecis Sync="TRUE">0</atprecis><attscale Sync="TRUE">0</attscale></attr><attr><attrlabl Sync="TRUE">SHAPE</attrlabl><attalias Sync="TRUE">Shape</attalias><attrtype Sync="TRUE">Geometry</attrtype><attwidth Sync="TRUE">0</attwidth><atprecis Sync="TRUE">0</atprecis><attscale Sync="TRUE">0</attscale><attrdef Sync="TRUE">Feature geometry.</attrdef><attrdefs Sync="TRUE">Esri</attrdefs><attrdomv><udom Sync="TRUE">Coordinates defining the features.</udom></attrdomv></attr><attr><attrlabl Sync="TRUE">DateDelete</attrlabl><attalias Sync="TRUE">DateDelete</attalias><attrtype Sync="TRUE">Date</attrtype><attwidth Sync="TRUE">8</attwidth><atprecis Sync="TRUE">0</atprecis><attscale Sync="TRUE">0</attscale></attr><attr><attrlabl Sync="TRUE">HLT</attrlabl><attalias Sync="TRUE">HLT</attalias><attrtype Sync="TRUE">String</attrtype><attwidth Sync="TRUE">3</attwidth><atprecis Sync="TRUE">0</atprecis><attscale Sync="TRUE">0</attscale></attr><attr><attrlabl Sync="TRUE">ServiceTyp</attrlabl><attalias Sync="TRUE">ServiceTyp</attalias><attrtype Sync="TRUE">String</attrtype><attwidth Sync="TRUE">254</attwidth><atprecis Sync="TRUE">0</atprecis><attscale Sync="TRUE">0</attscale></attr></detailed></eainfo><mdLang><languageCode value="eng"/><countryCode value="USA" Sync="TRUE"/></mdLang><mdChar><CharSetCd value="004"/></mdChar><mdHrLv><ScopeCd value="005"/></mdHrLv><mdHrLvName Sync="TRUE">dataset</mdHrLvName><mdContact><rpIndName>Jan Whitesell</rpIndName><rpOrgName>Charlotte Mecklenburg Planning Department</rpOrgName><rpPosName>Sr. Planning Coordinator</rpPosName><rpCntInfo><cntPhone><voiceNum>7043364849</voiceNum></cntPhone><cntAddress><delPoint>600 East 4th Street</delPoint><city>Charlotte</city><adminArea>NC</adminArea><postCode>28202</postCode><country>US</country><eMailAdd>jwhitesell@ci.charlotte.nc.us</eMailAdd></cntAddress></rpCntInfo><role><RoleCd value="003"/></role></mdContact><mdContact><rpIndName>Robert Cerrato</rpIndName><rpOrgName>Charlotte Mecklenburg Planning Department</rpOrgName><rpPosName>Principal Planner</rpPosName><rpCntInfo><cntPhone><voiceNum>7043363910</voiceNum></cntPhone><cntAddress><delPoint>600 East 4th Street</delPoint><city>Charlotte</city><adminArea>NC</adminArea><postCode>28202</postCode><country>US</country><eMailAdd>rcerrato@charlottenc.gov</eMailAdd></cntAddress></rpCntInfo><role><RoleCd value="002"/></role></mdContact><mdDateSt Sync="TRUE">20221003</mdDateSt><mdStanName>ArcGIS Metadata</mdStanName><mdStanVer>1.0</mdStanVer><distInfo><distFormat><formatName Sync="TRUE">Shapefile</formatName><formatVer/></distFormat><distTranOps><transSize>0.004</transSize></distTranOps></distInfo><dataIdInfo><idCitation><resTitle Sync="TRUE">MedicalFacilities</resTitle><date><reviseDate>2016-10-03T00:00:00</reviseDate></date><citRespParty><rpIndName>Jan Whitesell</rpIndName><rpOrgName>Charlotte Mecklenburg Planning Department</rpOrgName><rpPosName>Sr. Planning Coordinator</rpPosName><rpCntInfo><cntPhone><voiceNum>7043364849</voiceNum></cntPhone><cntAddress><delPoint>600 East 4th Street</delPoint><city>Charlotte</city><adminArea>NC</adminArea><postCode>28202</postCode><country>US</country><eMailAdd>jwhitesell@ci.charlotte.nc.us</eMailAdd></cntAddress></rpCntInfo><role><RoleCd value="003"/></role></citRespParty><citRespParty><rpIndName>Robert Cerrato</rpIndName><rpOrgName>Charlotte Mecklenburg Planning Department</rpOrgName><rpPosName>Principal Planner</rpPosName><rpCntInfo><cntPhone><voiceNum>7043363910</voiceNum></cntPhone><cntAddress><delPoint>600 East 4th Street</delPoint><city>Charlotte</city><adminArea>NC</adminArea><postCode>28202</postCode><country>US</country><eMailAdd>rcerrato@charlottenc.gov</eMailAdd></cntAddress></rpCntInfo><role><RoleCd value="002"/></role></citRespParty><presForm><PresFormCd value="005"/></presForm></idCitation><idAbs>Spatial Dataset used to display Medical Facilities in Mecklenburg County, North Carolina. This dataset includes attributes such as Name of Facility and Service Type</idAbs><idPurp>This dataset was generated to publish a geospatial inventory of Medical Facilities in Mecklenburg County, NC. This data serves to support and assist the Charlotte Mecklenburg Planning Department, The City of Charlotte, and others in Urban Planning decisions.</idPurp><idCredit>Data is collected and maintained by The Charlotte Mecklenburg Planning Department.</idCredit><idPoC><rpIndName>Jan Whitesell</rpIndName><rpOrgName>Charlotte Mecklenburg Planning Department</rpOrgName><rpPosName>Sr. Planning Coordinator</rpPosName><rpCntInfo><cntPhone><voiceNum>7043364849</voiceNum></cntPhone><cntAddress><delPoint>600 East 4th Street</delPoint><city>Charlotte</city><adminArea>NC</adminArea><postCode>28202</postCode><country>US</country><eMailAdd>jwhitesell@ci.charlotte.nc.us</eMailAdd></cntAddress></rpCntInfo><role><RoleCd value="003"/></role></idPoC><resMaint><maintFreq><MaintFreqCd value="001"/></maintFreq></resMaint><themeKeys><keyword>Hospital, Clinic, Medical Provider</keyword></themeKeys><otherKeys><keyword>Create Appropriate</keyword></otherKeys><searchKeys><keyword>Create Appropriate</keyword><keyword>Hospital, Clinic, Medical Provider</keyword></searchKeys><resConst><Consts><useLimit>Although every effort has been made to ensure the accuracy of information, errors and conditions originating from physical sources used to develop the corporate database may be reflected in the data supplied. Users of this data must be aware of data conditions and bear responsibility for the appropriate use of the information with respect to possible errors, original map scale, collection methodology, currency of data, and other conditions specific to certain data. The City of Charlotte makes no warranty, either expressed or implied, as to the accuracy or completeness of any information archived and distributed.</useLimit></Consts></resConst><spatRpType><SpatRepTypCd value="001"/></spatRpType><dataLang><languageCode value="eng"/><countryCode value="USA" Sync="TRUE"/></dataLang><dataChar><CharSetCd value="004"/></dataChar><tpCat><TopicCatCd value="013"/></tpCat><envirDesc Sync="TRUE"> Version 6.2 (Build 9200) ; Esri ArcGIS 10.8.1.14362</envirDesc><dataExt><geoEle><GeoBndBox><exTypeCode>true</exTypeCode><westBL>-81.000568</westBL><eastBL>-80.641323</eastBL><southBL>35.022033</southBL><northBL>35.504653</northBL></GeoBndBox></geoEle></dataExt><dataExt><geoEle><GeoBndBox><exTypeCode>true</exTypeCode><westBL>-81.002949</westBL><eastBL>-80.629038</eastBL><southBL>35.014917</southBL><northBL>35.505887</northBL></GeoBndBox></geoEle></dataExt><dataExt><geoEle><GeoBndBox><exTypeCode>true</exTypeCode><westBL>-81.000568</westBL><eastBL>-80.641323</eastBL><southBL>35.022033</southBL><northBL>35.504653</northBL></GeoBndBox></geoEle></dataExt><dataExt><geoEle><GeoBndBox><exTypeCode>true</exTypeCode><westBL>-81.003265</westBL><eastBL>-80.629171</eastBL><southBL>35.013574</southBL><northBL>35.506198</northBL></GeoBndBox></geoEle></dataExt><dataExt><geoEle><GeoBndBox esriExtentType="search"><exTypeCode Sync="TRUE">1</exTypeCode><westBL Sync="TRUE">-81.004151</westBL><eastBL Sync="TRUE">-80.629166</eastBL><northBL Sync="TRUE">35.511224</northBL><southBL Sync="TRUE">35.013276</southBL></GeoBndBox></geoEle></dataExt></dataIdInfo><mdMaint><maintFreq><MaintFreqCd value="001"/></maintFreq></mdMaint><mdConst><Consts><useLimit>Although every effort has been made to ensure the accuracy of information, errors and conditions originating from physical sources used to develop the corporate database may be reflected in the data supplied. Users of this data must be aware of data conditions and bear responsibility for the appropriate use of the information with respect to possible errors, original map scale, collection methodology, currency of data, and other conditions specific to certain data. The City of Charlotte makes no warranty, either expressed or implied, as to the accuracy or completeness of any information archived and distributed.</useLimit></Consts></mdConst><dqInfo><dqScope><scpLvl><ScopeCd value="009"/></scpLvl></dqScope><dataLineage><statement>The process of creating and maintaining this data includes many steps. Contact Custodian for more informaiton.</statement></dataLineage></dqInfo><spatRepInfo><VectSpatRep><geometObjs Name="MedicalFacilities"><geoObjTyp><GeoObjTypCd value="004" Sync="TRUE"></GeoObjTypCd></geoObjTyp><geoObjCnt Sync="TRUE">0</geoObjCnt></geometObjs><topLvl><TopoLevCd value="001" Sync="TRUE"></TopoLevCd></topLvl></VectSpatRep></spatRepInfo><refSysInfo><RefSystem><refSysID><identCode code="2264"/><idCodeSpace Sync="TRUE">EPSG</idCodeSpace><idVersion Sync="TRUE">6.12(9.0.0)</idVersion></refSysID></RefSystem></refSysInfo><spdoinfo><ptvctinf><esriterm Name="MedicalFacilities"><efeatyp Sync="TRUE">Simple</efeatyp><efeageom code="1" Sync="TRUE"></efeageom><esritopo Sync="TRUE">FALSE</esritopo><efeacnt Sync="TRUE">0</efeacnt><spindex Sync="TRUE">FALSE</spindex><linrefer Sync="TRUE">FALSE</linrefer></esriterm></ptvctinf></spdoinfo></metadata>
