<metadata xml:lang="en"><Esri><CreaDate>20161102</CreaDate><CreaTime>09462000</CreaTime><ArcGISFormat>1.0</ArcGISFormat><SyncOnce>FALSE</SyncOnce><DataProperties><lineage><Process ToolSource="c:\program files (x86)\arcgis\desktop10.0\ArcToolbox\Toolboxes\Data Management Tools.tbx\CalculateField" Date="20140114" Time="184646">CalculateField PMR1_S_Fld_Haz_Ar FLD_ZONE "1 PCT FUTURE CONDITIONS CONTAINED IN CULVERT" VB #</Process><Process Name="Copy Features (2)" ToolSource="c:\program files (x86)\arcgis\desktop10.0\ArcToolbox\Toolboxes\Data Management Tools.tbx\CopyFeatures" Date="20140115" Time="145813">CopyFeatures S_Fld_Haz_Ar_Layer "G:\Storm Water\Flood Mitigation\Scanlon\Floodplain Mapping\PMR1_FromDewberry\FINAL_PMR1_DATA\FEMA_Format_Shapefiles\ArcShape\S_Fld_Haz_Ar_CopyFeatures1.shp" # 0 0 0</Process><Process Name="Dissolve (2)" ToolSource="c:\program files (x86)\arcgis\desktop10.0\ArcToolbox\Toolboxes\Data Management Tools.tbx\Dissolve" Date="20140115" Time="145818">Dissolve "G:\Storm Water\Flood Mitigation\Scanlon\Floodplain Mapping\PMR1_FromDewberry\FINAL_PMR1_DATA\FEMA_Format_Shapefiles\ArcShape\S_Fld_Haz_Ar_CopyFeatures1.shp" "G:\Storm Water\Flood Mitigation\Scanlon\SDE_2_19_prep\SDE_prep.gdb\Community_Encroachment" # # SINGLE_PART DISSOLVE_LINES</Process><Process Name="Add Field (2)" ToolSource="c:\program files (x86)\arcgis\desktop10.0\ArcToolbox\Toolboxes\Data Management Tools.tbx\AddField" Date="20140115" Time="145820">AddField "G:\Storm Water\Flood Mitigation\Scanlon\SDE_2_19_prep\SDE_prep.gdb\Community_Encroachment" STATUS TEXT # # 50 # NULLABLE NON_REQUIRED D_STATUS</Process><Process Name="Add Field (6)" ToolSource="c:\program files (x86)\arcgis\desktop10.0\ArcToolbox\Toolboxes\Data Management Tools.tbx\AddField" Date="20140115" Time="145823">AddField "G:\Storm Water\Flood Mitigation\Scanlon\SDE_2_19_prep\SDE_prep.gdb\Community_Encroachment" FLD_ZONE TEXT # # 50 "FLOOD ZONE" NULLABLE NON_REQUIRED D_ZONE</Process><Process Name="Add Field (10)" ToolSource="c:\program files (x86)\arcgis\desktop10.0\ArcToolbox\Toolboxes\Data Management Tools.tbx\AddField" Date="20140115" Time="145825">AddField "G:\Storm Water\Flood Mitigation\Scanlon\SDE_2_19_prep\SDE_prep.gdb\Community_Encroachment" DATE DATE # # # # NULLABLE NON_REQUIRED #</Process><Process ToolSource="c:\program files (x86)\arcgis\desktop10.0\ArcToolbox\Toolboxes\Data Management Tools.tbx\CalculateField" Date="20140115" Time="175423">CalculateField Community_Encroachment STATUS 1010 VB #</Process><Process ToolSource="c:\program files (x86)\arcgis\desktop10.0\ArcToolbox\Toolboxes\Data Management Tools.tbx\CalculateField" Date="20140115" Time="175432">CalculateField Community_Encroachment DATE "2/19/2014" VB #</Process><Process ToolSource="c:\program files (x86)\arcgis\desktop10.0\ArcToolbox\Toolboxes\Data Management Tools.tbx\CalculateField" Date="20140115" Time="184414">CalculateField Community_Encroachment FLD_ZONE 3001 VB #</Process><Process ToolSource="c:\program files (x86)\arcgis\desktop10.0\ArcToolbox\Toolboxes\Data Management Tools.tbx\CalculateField" Date="20140115" Time="184514">CalculateField Community_Encroachment STATUS 1010 VB #</Process><Process ToolSource="c:\program files (x86)\arcgis\desktop10.0\ArcToolbox\Toolboxes\Data Management Tools.tbx\CalculateField" Date="20140115" Time="184522">CalculateField Community_Encroachment FLD_ZONE 3001 VB #</Process><Process ToolSource="c:\program files (x86)\arcgis\desktop10.0\ArcToolbox\Toolboxes\Data Management Tools.tbx\CalculateField" Date="20140115" Time="184540">CalculateField Community_Encroachment DATE 3/2/2009 VB #</Process><Process ToolSource="c:\program files (x86)\arcgis\desktop10.0\ArcToolbox\Toolboxes\Data Management Tools.tbx\CalculateField" Date="20140115" Time="184549">CalculateField Community_Encroachment DATE "3/2/2009" VB #</Process><Process ToolSource="c:\program files (x86)\arcgis\desktop10.0\ArcToolbox\Toolboxes\Data Management Tools.tbx\CalculateField" Date="20140203" Time="172502">CalculateField Community_Encroachment_Changes DATE "3/2/2009" VB #</Process><Process ToolSource="c:\program files (x86)\arcgis\desktop10.2\ArcToolbox\Toolboxes\Data Management Tools.tbx\CalculateField" Date="20140820" Time="141014">CalculateField floodmitigation.FLOODEDITOR.Community_Encroachment_Changes FLD_ZONE "COMMUNITY ENCROACHMENT AREA" VB #</Process><Process ToolSource="c:\program files (x86)\arcgis\desktop10.2\ArcToolbox\Toolboxes\Data Management Tools.tbx\CalculateField" Date="20140820" Time="141110">CalculateField floodmitigation.FLOODEDITOR.Community_Encroachment_Changes STATUS "EFFECTIVE" VB #</Process><Process ToolSource="c:\program files (x86)\arcgis\desktop10.2\ArcToolbox\Toolboxes\Data Management Tools.tbx\CalculateField" Date="20140820" Time="141141">CalculateField floodmitigation.FLOODEDITOR.Community_Encroachment_Changes STATUS "LOMR" VB #</Process><Process ToolSource="c:\program files (x86)\arcgis\desktop10.2\ArcToolbox\Toolboxes\Data Management Tools.tbx\CalculateField" Date="20140820" Time="141221">CalculateField floodmitigation.FLOODEDITOR.Community_Encroachment_Changes STATUS "PMR" VB #</Process><Process ToolSource="c:\program files (x86)\arcgis\desktop10.2\ArcToolbox\Toolboxes\Data Management Tools.tbx\CalculateField" Date="20140820" Time="160714">CalculateField floodmitigation.FLOODEDITOR.Community_Encroachment_Changes STATUS "EFFECTIVE" VB #</Process><Process ToolSource="c:\program files (x86)\arcgis\desktop10.2\ArcToolbox\Toolboxes\Data Management Tools.tbx\CalculateField" Date="20140820" Time="185956">CalculateField floodmitigation.FLOODEDITOR.Community_Encroachment_Changes STATUS "CoLOMR" VB #</Process><Process ToolSource="c:\program files (x86)\arcgis\desktop10.2\ArcToolbox\Toolboxes\Data Management Tools.tbx\CalculateField" Date="20170103" Time="020005">CalculateField "New Group Layer\floodmitigation.SDE.Community_Encroachment_Changes_py" STATUS "LOMR" VB #</Process><Process ToolSource="c:\program files (x86)\arcgis\desktop10.2\ArcToolbox\Toolboxes\Data Management Tools.tbx\CalculateField" Date="20170103" Time="020018">CalculateField "New Group Layer\floodmitigation.SDE.Community_Encroachment_Changes_py" FLD_ZONE "COMMUNITY ENCROACHMENT AREA" VB #</Process><Process ToolSource="c:\program files (x86)\arcgis\desktop10.2\ArcToolbox\Toolboxes\Data Management Tools.tbx\CalculateField" Date="20170103" Time="020040">CalculateField "New Group Layer\floodmitigation.SDE.Community_Encroachment_Changes_py" DATE "1/2/2017" VB #</Process><Process ToolSource="c:\program files (x86)\arcgis\desktop10.2\ArcToolbox\Toolboxes\Data Management Tools.tbx\CalculateField" Date="20170724" Time="163129">CalculateField floodmitigation.SDE.Community_Encroachment_Changes_py FLD_ZONE "COMMUNITY ENCROACHMENT AREA" VB #</Process><Process ToolSource="c:\program files (x86)\arcgis\desktop10.2\ArcToolbox\Toolboxes\Data Management Tools.tbx\CalculateField" Date="20170724" Time="163145">CalculateField floodmitigation.SDE.Community_Encroachment_Changes_py STATUS "EFFECTIVE" VB #</Process><Process ToolSource="c:\program files (x86)\arcgis\desktop10.5\ArcToolbox\Toolboxes\Data Management Tools.tbx\DeleteFeatures" Date="20181119" Time="125215">DeleteFeatures floodmitigation.SDE.Community_Encroachment_Changes_py</Process><Process ToolSource="c:\arcgis_install\desktop10.8\ArcToolbox\Toolboxes\Data Management Tools.tbx\CopyFeatures" Date="20221004" Time="090528">CopyFeatures C:/Users/blacksr/AppData/Roaming/ESRI/Desktop10.8/ArcCatalog/Flood.sde\floodmitigation.SDE.Community_Encroachment_Changes_py D:\GIS\ArcMap\OpenMapping.gdb\County\Community_Encroachment_Changes_py # 0 0 0</Process><Process ToolSource="c:\arcgis_install\desktop10.8\ArcToolbox\Toolboxes\Conversion Tools.tbx\FeatureClassToFeatureClass" Date="20221004" Time="090531">FeatureClassToFeatureClass D:/GIS/ArcMap/OpenMapping.gdb/County/Community_Encroachment_Changes_py D:/GIS/Python/OpenMapping Community_Encroachment # "STATUS "STATUS" true true false 50 Text 0 0 ,First,#,D:/GIS/ArcMap/OpenMapping.gdb/County/Community_Encroachment_Changes_py,STATUS,-1,-1;FLD_ZONE "FLOOD ZONE" true true false 50 Text 0 0 ,First,#,D:/GIS/ArcMap/OpenMapping.gdb/County/Community_Encroachment_Changes_py,FLD_ZONE,-1,-1;DATE "DATE" true true false 8 Date 0 0 ,First,#,D:/GIS/ArcMap/OpenMapping.gdb/County/Community_Encroachment_Changes_py,DATE,-1,-1;Shape_Leng "Shape_Leng" false true true 8 Double 0 0 ,First,#,D:/GIS/ArcMap/OpenMapping.gdb/County/Community_Encroachment_Changes_py,Shape_Length,-1,-1;Shape_Area "Shape_Area" false true true 8 Double 0 0 ,First,#,D:/GIS/ArcMap/OpenMapping.gdb/County/Community_Encroachment_Changes_py,Shape_Area,-1,-1" #</Process></lineage><itemProps><itemName Sync="TRUE">Community_Encroachment</itemName><imsContentType Sync="TRUE">002</imsContentType><itemSize Sync="TRUE">0.000</itemSize><itemLocation><linkage Sync="TRUE">file://\\LUE-8PQNK93\D$\GIS\Python\OpenMapping\Community_Encroachment.shp</linkage><protocol Sync="TRUE">Local Area Network</protocol></itemLocation><nativeExtBox><westBL Sync="TRUE">1392576.010870</westBL><eastBL Sync="TRUE">1533571.644561</eastBL><southBL Sync="TRUE">460657.723891</southBL><northBL Sync="TRUE">644795.716178</northBL><exTypeCode Sync="TRUE">1</exTypeCode></nativeExtBox></itemProps><coordRef><type Sync="TRUE">Projected</type><geogcsn Sync="TRUE">GCS_North_American_1983</geogcsn><csUnits Sync="TRUE">Linear Unit: Foot_US (0.304801)</csUnits><projcsn Sync="TRUE">NAD_1983_StatePlane_North_Carolina_FIPS_3200_Feet</projcsn><peXml Sync="TRUE">&lt;ProjectedCoordinateSystem xsi:type='typens:ProjectedCoordinateSystem' xmlns:xsi='http://www.w3.org/2001/XMLSchema-instance' xmlns:xs='http://www.w3.org/2001/XMLSchema' xmlns:typens='http://www.esri.com/schemas/ArcGIS/10.8'&gt;&lt;WKT&gt;PROJCS[&amp;quot;NAD_1983_StatePlane_North_Carolina_FIPS_3200_Feet&amp;quot;,GEOGCS[&amp;quot;GCS_North_American_1983&amp;quot;,DATUM[&amp;quot;D_North_American_1983&amp;quot;,SPHEROID[&amp;quot;GRS_1980&amp;quot;,6378137.0,298.257222101]],PRIMEM[&amp;quot;Greenwich&amp;quot;,0.0],UNIT[&amp;quot;Degree&amp;quot;,0.0174532925199433]],PROJECTION[&amp;quot;Lambert_Conformal_Conic&amp;quot;],PARAMETER[&amp;quot;False_Easting&amp;quot;,2000000.002616666],PARAMETER[&amp;quot;False_Northing&amp;quot;,0.0],PARAMETER[&amp;quot;Central_Meridian&amp;quot;,-79.0],PARAMETER[&amp;quot;Standard_Parallel_1&amp;quot;,34.33333333333334],PARAMETER[&amp;quot;Standard_Parallel_2&amp;quot;,36.16666666666666],PARAMETER[&amp;quot;Latitude_Of_Origin&amp;quot;,33.75],UNIT[&amp;quot;Foot_US&amp;quot;,0.3048006096012192],AUTHORITY[&amp;quot;EPSG&amp;quot;,2264]]&lt;/WKT&gt;&lt;XOrigin&gt;-121841900&lt;/XOrigin&gt;&lt;YOrigin&gt;-93659000&lt;/YOrigin&gt;&lt;XYScale&gt;36365718.124241434&lt;/XYScale&gt;&lt;ZOrigin&gt;-100000&lt;/ZOrigin&gt;&lt;ZScale&gt;10000&lt;/ZScale&gt;&lt;MOrigin&gt;-100000&lt;/MOrigin&gt;&lt;MScale&gt;10000&lt;/MScale&gt;&lt;XYTolerance&gt;0.0032808333333333331&lt;/XYTolerance&gt;&lt;ZTolerance&gt;0.001&lt;/ZTolerance&gt;&lt;MTolerance&gt;0.001&lt;/MTolerance&gt;&lt;HighPrecision&gt;true&lt;/HighPrecision&gt;&lt;WKID&gt;102719&lt;/WKID&gt;&lt;LatestWKID&gt;2264&lt;/LatestWKID&gt;&lt;/ProjectedCoordinateSystem&gt;</peXml></coordRef></DataProperties><SyncDate>20221004</SyncDate><SyncTime>09053100</SyncTime><ModDate>20221004</ModDate><ModTime>09053100</ModTime></Esri><dataIdInfo><envirDesc Sync="TRUE"> Version 6.2 (Build 9200) ; Esri ArcGIS 10.8.1.14362</envirDesc><dataLang><languageCode value="eng" Sync="TRUE"/><countryCode value="USA" Sync="TRUE"/></dataLang><idCitation><resTitle Sync="TRUE">Community_Encroachment</resTitle><presForm><PresFormCd value="005" Sync="TRUE"/></presForm></idCitation><spatRpType><SpatRepTypCd value="001" Sync="TRUE"/></spatRpType><dataExt><geoEle><GeoBndBox esriExtentType="search"><exTypeCode Sync="TRUE">1</exTypeCode><westBL Sync="TRUE">-81.041107</westBL><eastBL Sync="TRUE">-80.557706</eastBL><northBL Sync="TRUE">35.511569</northBL><southBL Sync="TRUE">34.998688</southBL></GeoBndBox></geoEle></dataExt></dataIdInfo><mdLang><languageCode value="eng" Sync="TRUE"/><countryCode value="USA" Sync="TRUE"/></mdLang><mdChar><CharSetCd value="004" Sync="TRUE"/></mdChar><distInfo><distFormat><formatName Sync="TRUE">Shapefile</formatName></distFormat><distTranOps><transSize Sync="TRUE">0.000</transSize></distTranOps></distInfo><mdHrLv><ScopeCd value="005" Sync="TRUE"/></mdHrLv><mdHrLvName Sync="TRUE">dataset</mdHrLvName><refSysInfo><RefSystem><refSysID><identCode code="2264" Sync="TRUE" value="2264"/><idCodeSpace Sync="TRUE">EPSG</idCodeSpace><idVersion Sync="TRUE">6.12(9.0.0)</idVersion></refSysID></RefSystem></refSysInfo><spatRepInfo><VectSpatRep><geometObjs Name="Community_Encroachment"><geoObjTyp><GeoObjTypCd value="002" Sync="TRUE"></GeoObjTypCd></geoObjTyp><geoObjCnt Sync="TRUE">0</geoObjCnt></geometObjs><topLvl><TopoLevCd value="001" Sync="TRUE"></TopoLevCd></topLvl></VectSpatRep></spatRepInfo><spdoinfo><ptvctinf><esriterm Name="Community_Encroachment"><efeatyp Sync="TRUE">Simple</efeatyp><efeageom code="4" Sync="TRUE"></efeageom><esritopo Sync="TRUE">FALSE</esritopo><efeacnt Sync="TRUE">0</efeacnt><spindex Sync="TRUE">FALSE</spindex><linrefer Sync="TRUE">FALSE</linrefer></esriterm></ptvctinf></spdoinfo><eainfo><detailed Name="Community_Encroachment"><enttyp><enttypl Sync="TRUE">Community_Encroachment</enttypl><enttypt Sync="TRUE">Feature Class</enttypt><enttypc Sync="TRUE">0</enttypc></enttyp><attr><attrlabl Sync="TRUE">FID</attrlabl><attalias Sync="TRUE">FID</attalias><attrtype Sync="TRUE">OID</attrtype><attwidth Sync="TRUE">4</attwidth><atprecis Sync="TRUE">0</atprecis><attscale Sync="TRUE">0</attscale><attrdef Sync="TRUE">Internal feature number.</attrdef><attrdefs Sync="TRUE">Esri</attrdefs><attrdomv><udom Sync="TRUE">Sequential unique whole numbers that are automatically generated.</udom></attrdomv></attr><attr><attrlabl Sync="TRUE">STATUS</attrlabl><attalias Sync="TRUE">STATUS</attalias><attrtype Sync="TRUE">String</attrtype><attwidth Sync="TRUE">50</attwidth><atprecis Sync="TRUE">0</atprecis><attscale Sync="TRUE">0</attscale></attr><attr><attrlabl Sync="TRUE">FLD_ZONE</attrlabl><attalias Sync="TRUE">FLD_ZONE</attalias><attrtype Sync="TRUE">String</attrtype><attwidth Sync="TRUE">50</attwidth><atprecis Sync="TRUE">0</atprecis><attscale Sync="TRUE">0</attscale></attr><attr><attrlabl Sync="TRUE">DATE</attrlabl><attalias Sync="TRUE">DATE</attalias><attrtype Sync="TRUE">Date</attrtype><attwidth Sync="TRUE">8</attwidth><atprecis Sync="TRUE">0</atprecis><attscale Sync="TRUE">0</attscale></attr><attr><attrlabl Sync="TRUE">Shape</attrlabl><attalias Sync="TRUE">Shape</attalias><attrtype Sync="TRUE">Geometry</attrtype><attwidth Sync="TRUE">0</attwidth><atprecis Sync="TRUE">0</atprecis><attscale Sync="TRUE">0</attscale><attrdef Sync="TRUE">Feature geometry.</attrdef><attrdefs Sync="TRUE">ESRI</attrdefs><attrdomv><udom Sync="TRUE">Coordinates defining the features.</udom></attrdomv></attr><attr><attrlabl Sync="TRUE">Shape_Leng</attrlabl><attalias Sync="TRUE">Shape_Leng</attalias><attrtype Sync="TRUE">Double</attrtype><attwidth Sync="TRUE">19</attwidth><atprecis Sync="TRUE">0</atprecis><attscale Sync="TRUE">0</attscale></attr><attr><attrlabl Sync="TRUE">Shape_Area</attrlabl><attalias Sync="TRUE">Shape_Area</attalias><attrtype Sync="TRUE">Double</attrtype><attwidth Sync="TRUE">19</attwidth><atprecis Sync="TRUE">0</atprecis><attscale Sync="TRUE">0</attscale><attrdef Sync="TRUE">Area of feature in internal units squared.</attrdef><attrdefs Sync="TRUE">Esri</attrdefs><attrdomv><udom Sync="TRUE">Positive real numbers that are automatically generated.</udom></attrdomv></attr></detailed></eainfo><mdDateSt Sync="TRUE">20221004</mdDateSt></metadata>
