<metadata xml:lang="en"><Esri><CreaDate>20221004</CreaDate><CreaTime>07171300</CreaTime><ArcGISFormat>1.0</ArcGISFormat><SyncOnce>FALSE</SyncOnce><DataProperties><lineage><Process ToolSource="c:\arcgis\desktop10.8\ArcToolbox\Toolboxes\Conversion Tools.tbx\FeatureClassToFeatureClass" Date="20221004" Time="071713">FeatureClassToFeatureClass C:/Users/t-blacksr/AppData/Roaming/ESRI/Desktop10.8/ArcCatalog/TAX.sde\tax.sde.parcel_camadata_view D:/GIS/ArcMap/OpenMapping.gdb/Ownership parcelcama # "map_book "map_book" false true false 3 Text 0 0 ,First,#,C:/Users/t-blacksr/AppData/Roaming/ESRI/Desktop10.8/ArcCatalog/TAX.sde\tax.sde.parcel_camadata_view,map_book,-1,-1;map_page "map_page" false true false 2 Text 0 0 ,First,#,C:/Users/t-blacksr/AppData/Roaming/ESRI/Desktop10.8/ArcCatalog/TAX.sde\tax.sde.parcel_camadata_view,map_page,-1,-1;map_block "map_block" false true false 1 Text 0 0 ,First,#,C:/Users/t-blacksr/AppData/Roaming/ESRI/Desktop10.8/ArcCatalog/TAX.sde\tax.sde.parcel_camadata_view,map_block,-1,-1;lot_num "lot_num" false true false 2 Text 0 0 ,First,#,C:/Users/t-blacksr/AppData/Roaming/ESRI/Desktop10.8/ArcCatalog/TAX.sde\tax.sde.parcel_camadata_view,lot_num,-1,-1;nc_pin "nc_pin" false true false 16 Text 0 0 ,First,#,C:/Users/t-blacksr/AppData/Roaming/ESRI/Desktop10.8/ArcCatalog/TAX.sde\tax.sde.parcel_camadata_view,nc_pin,-1,-1;condo_town_flag "condo_town_flag" false true false 8 Double 8 38 ,First,#,C:/Users/t-blacksr/AppData/Roaming/ESRI/Desktop10.8/ArcCatalog/TAX.sde\tax.sde.parcel_camadata_view,condo_town_flag,-1,-1;parcel_type "parcel_type" false true false 8 Double 8 38 ,First,#,C:/Users/t-blacksr/AppData/Roaming/ESRI/Desktop10.8/ArcCatalog/TAX.sde\tax.sde.parcel_camadata_view,parcel_type,-1,-1;pid "pid" false true false 8 Text 0 0 ,First,#,C:/Users/t-blacksr/AppData/Roaming/ESRI/Desktop10.8/ArcCatalog/TAX.sde\tax.sde.parcel_camadata_view,pid,-1,-1;legal_from "legal_from" false true false 8 Date 0 0 ,First,#,C:/Users/t-blacksr/AppData/Roaming/ESRI/Desktop10.8/ArcCatalog/TAX.sde\tax.sde.parcel_camadata_view,legal_from,-1,-1;commonpid "commonpid" false true false 20 Text 0 0 ,First,#,C:/Users/t-blacksr/AppData/Roaming/ESRI/Desktop10.8/ArcCatalog/TAX.sde\tax.sde.parcel_camadata_view,commonpid,-1,-1;taxpid "taxpid" false true false 9 Text 0 0 ,First,#,C:/Users/t-blacksr/AppData/Roaming/ESRI/Desktop10.8/ArcCatalog/TAX.sde\tax.sde.parcel_camadata_view,taxpid,-1,-1;totalac "totalac" false true false 8 Double 5 20 ,First,#,C:/Users/t-blacksr/AppData/Roaming/ESRI/Desktop10.8/ArcCatalog/TAX.sde\tax.sde.parcel_camadata_view,totalac,-1,-1;ownerlastname "ownerlastname" false true false 255 Text 0 0 ,First,#,C:/Users/t-blacksr/AppData/Roaming/ESRI/Desktop10.8/ArcCatalog/TAX.sde\tax.sde.parcel_camadata_view,ownerlastname,-1,-1;ownerfirstname "ownerfirstname" false true false 255 Text 0 0 ,First,#,C:/Users/t-blacksr/AppData/Roaming/ESRI/Desktop10.8/ArcCatalog/TAX.sde\tax.sde.parcel_camadata_view,ownerfirstname,-1,-1;cownerfirstname "cownerfirstname" false true false 255 Text 0 0 ,First,#,C:/Users/t-blacksr/AppData/Roaming/ESRI/Desktop10.8/ArcCatalog/TAX.sde\tax.sde.parcel_camadata_view,cownerfirstname,-1,-1;cownerlastname "cownerlastname" false true false 255 Text 0 0 ,First,#,C:/Users/t-blacksr/AppData/Roaming/ESRI/Desktop10.8/ArcCatalog/TAX.sde\tax.sde.parcel_camadata_view,cownerlastname,-1,-1;houseno "houseno" false true false 10 Text 0 0 ,First,#,C:/Users/t-blacksr/AppData/Roaming/ESRI/Desktop10.8/ArcCatalog/TAX.sde\tax.sde.parcel_camadata_view,houseno,-1,-1;houseunit "houseunit" false true false 50 Text 0 0 ,First,#,C:/Users/t-blacksr/AppData/Roaming/ESRI/Desktop10.8/ArcCatalog/TAX.sde\tax.sde.parcel_camadata_view,houseunit,-1,-1;stdir "stdir" false true false 2 Text 0 0 ,First,#,C:/Users/t-blacksr/AppData/Roaming/ESRI/Desktop10.8/ArcCatalog/TAX.sde\tax.sde.parcel_camadata_view,stdir,-1,-1;stname "stname" false true false 30 Text 0 0 ,First,#,C:/Users/t-blacksr/AppData/Roaming/ESRI/Desktop10.8/ArcCatalog/TAX.sde\tax.sde.parcel_camadata_view,stname,-1,-1;sttype "sttype" false true false 2 Text 0 0 ,First,#,C:/Users/t-blacksr/AppData/Roaming/ESRI/Desktop10.8/ArcCatalog/TAX.sde\tax.sde.parcel_camadata_view,sttype,-1,-1;stsuffix "stsuffix" false true false 8 Text 0 0 ,First,#,C:/Users/t-blacksr/AppData/Roaming/ESRI/Desktop10.8/ArcCatalog/TAX.sde\tax.sde.parcel_camadata_view,stsuffix,-1,-1;codemunicipality "codemunicipality" false true false 1 Text 0 0 ,First,#,C:/Users/t-blacksr/AppData/Roaming/ESRI/Desktop10.8/ArcCatalog/TAX.sde\tax.sde.parcel_camadata_view,codemunicipality,-1,-1;municipality "municipality" false true false 100 Text 0 0 ,First,#,C:/Users/t-blacksr/AppData/Roaming/ESRI/Desktop10.8/ArcCatalog/TAX.sde\tax.sde.parcel_camadata_view,municipality,-1,-1;mailaddr1 "mailaddr1" false true false 255 Text 0 0 ,First,#,C:/Users/t-blacksr/AppData/Roaming/ESRI/Desktop10.8/ArcCatalog/TAX.sde\tax.sde.parcel_camadata_view,mailaddr1,-1,-1;mailaddr2 "mailaddr2" false true false 255 Text 0 0 ,First,#,C:/Users/t-blacksr/AppData/Roaming/ESRI/Desktop10.8/ArcCatalog/TAX.sde\tax.sde.parcel_camadata_view,mailaddr2,-1,-1;city "city" false true false 50 Text 0 0 ,First,#,C:/Users/t-blacksr/AppData/Roaming/ESRI/Desktop10.8/ArcCatalog/TAX.sde\tax.sde.parcel_camadata_view,city,-1,-1;state "state" false true false 50 Text 0 0 ,First,#,C:/Users/t-blacksr/AppData/Roaming/ESRI/Desktop10.8/ArcCatalog/TAX.sde\tax.sde.parcel_camadata_view,state,-1,-1;zipcode "zipcode" false true false 10 Text 0 0 ,First,#,C:/Users/t-blacksr/AppData/Roaming/ESRI/Desktop10.8/ArcCatalog/TAX.sde\tax.sde.parcel_camadata_view,zipcode,-1,-1;extravaluefeature "extravaluefeature" false true false 8 Double 0 20 ,First,#,C:/Users/t-blacksr/AppData/Roaming/ESRI/Desktop10.8/ArcCatalog/TAX.sde\tax.sde.parcel_camadata_view,extravaluefeature,-1,-1;landvalue "landvalue" false true false 8 Double 0 20 ,First,#,C:/Users/t-blacksr/AppData/Roaming/ESRI/Desktop10.8/ArcCatalog/TAX.sde\tax.sde.parcel_camadata_view,landvalue,-1,-1;totalvalue "totalvalue" false true false 8 Double 5 20 ,First,#,C:/Users/t-blacksr/AppData/Roaming/ESRI/Desktop10.8/ArcCatalog/TAX.sde\tax.sde.parcel_camadata_view,totalvalue,-1,-1;dateofsale "dateofsale" false true false 8 Date 0 0 ,First,#,C:/Users/t-blacksr/AppData/Roaming/ESRI/Desktop10.8/ArcCatalog/TAX.sde\tax.sde.parcel_camadata_view,dateofsale,-1,-1;price "price" false true false 8 Double 8 38 ,First,#,C:/Users/t-blacksr/AppData/Roaming/ESRI/Desktop10.8/ArcCatalog/TAX.sde\tax.sde.parcel_camadata_view,price,-1,-1;cardno "cardno" false true false 2 Short 0 5 ,First,#,C:/Users/t-blacksr/AppData/Roaming/ESRI/Desktop10.8/ArcCatalog/TAX.sde\tax.sde.parcel_camadata_view,cardno,-1,-1;yearbuilt "yearbuilt" false true false 2 Short 0 5 ,First,#,C:/Users/t-blacksr/AppData/Roaming/ESRI/Desktop10.8/ArcCatalog/TAX.sde\tax.sde.parcel_camadata_view,yearbuilt,-1,-1;heatedarea "heatedarea" false true false 8 Double 5 38 ,First,#,C:/Users/t-blacksr/AppData/Roaming/ESRI/Desktop10.8/ArcCatalog/TAX.sde\tax.sde.parcel_camadata_view,heatedarea,-1,-1;cdebuilding "cdebuilding" false true false 10 Text 0 0 ,First,#,C:/Users/t-blacksr/AppData/Roaming/ESRI/Desktop10.8/ArcCatalog/TAX.sde\tax.sde.parcel_camadata_view,cdebuilding,-1,-1;descbuildingtype "descbuildingtype" false true false 50 Text 0 0 ,First,#,C:/Users/t-blacksr/AppData/Roaming/ESRI/Desktop10.8/ArcCatalog/TAX.sde\tax.sde.parcel_camadata_view,descbuildingtype,-1,-1;storyheight "storyheight" false true false 50 Text 0 0 ,First,#,C:/Users/t-blacksr/AppData/Roaming/ESRI/Desktop10.8/ArcCatalog/TAX.sde\tax.sde.parcel_camadata_view,storyheight,-1,-1;aheatingtype "aheatingtype" false true false 50 Text 0 0 ,First,#,C:/Users/t-blacksr/AppData/Roaming/ESRI/Desktop10.8/ArcCatalog/TAX.sde\tax.sde.parcel_camadata_view,aheatingtype,-1,-1;heatedfuel "heatedfuel" false true false 50 Text 0 0 ,First,#,C:/Users/t-blacksr/AppData/Roaming/ESRI/Desktop10.8/ArcCatalog/TAX.sde\tax.sde.parcel_camadata_view,heatedfuel,-1,-1;actype "actype" false true false 50 Text 0 0 ,First,#,C:/Users/t-blacksr/AppData/Roaming/ESRI/Desktop10.8/ArcCatalog/TAX.sde\tax.sde.parcel_camadata_view,actype,-1,-1;extwall "extwall" false true false 50 Text 0 0 ,First,#,C:/Users/t-blacksr/AppData/Roaming/ESRI/Desktop10.8/ArcCatalog/TAX.sde\tax.sde.parcel_camadata_view,extwall,-1,-1;foundation "foundation" false true false 50 Text 0 0 ,First,#,C:/Users/t-blacksr/AppData/Roaming/ESRI/Desktop10.8/ArcCatalog/TAX.sde\tax.sde.parcel_camadata_view,foundation,-1,-1;numfireplaces "numfireplaces" false true false 4 Long 0 10 ,First,#,C:/Users/t-blacksr/AppData/Roaming/ESRI/Desktop10.8/ArcCatalog/TAX.sde\tax.sde.parcel_camadata_view,numfireplaces,-1,-1;fireplaces "fireplaces" false true false 10 Text 0 0 ,First,#,C:/Users/t-blacksr/AppData/Roaming/ESRI/Desktop10.8/ArcCatalog/TAX.sde\tax.sde.parcel_camadata_view,fireplaces,-1,-1;bldggrade "bldggrade" false true false 50 Text 0 0 ,First,#,C:/Users/t-blacksr/AppData/Roaming/ESRI/Desktop10.8/ArcCatalog/TAX.sde\tax.sde.parcel_camadata_view,bldggrade,-1,-1;fullbaths "fullbaths" false true false 2 Short 0 5 ,First,#,C:/Users/t-blacksr/AppData/Roaming/ESRI/Desktop10.8/ArcCatalog/TAX.sde\tax.sde.parcel_camadata_view,fullbaths,-1,-1;halfbaths "halfbaths" false true false 2 Short 0 5 ,First,#,C:/Users/t-blacksr/AppData/Roaming/ESRI/Desktop10.8/ArcCatalog/TAX.sde\tax.sde.parcel_camadata_view,halfbaths,-1,-1;bedrooms "bedrooms" false true false 4 Long 0 10 ,First,#,C:/Users/t-blacksr/AppData/Roaming/ESRI/Desktop10.8/ArcCatalog/TAX.sde\tax.sde.parcel_camadata_view,bedrooms,-1,-1;units "units" false true false 2 Short 0 5 ,First,#,C:/Users/t-blacksr/AppData/Roaming/ESRI/Desktop10.8/ArcCatalog/TAX.sde\tax.sde.parcel_camadata_view,units,-1,-1;deedbook "deedbook" false true false 20 Text 0 0 ,First,#,C:/Users/t-blacksr/AppData/Roaming/ESRI/Desktop10.8/ArcCatalog/TAX.sde\tax.sde.parcel_camadata_view,deedbook,-1,-1;deedpage "deedpage" false true false 20 Text 0 0 ,First,#,C:/Users/t-blacksr/AppData/Roaming/ESRI/Desktop10.8/ArcCatalog/TAX.sde\tax.sde.parcel_camadata_view,deedpage,-1,-1;grantor "grantor" false true false 255 Text 0 0 ,First,#,C:/Users/t-blacksr/AppData/Roaming/ESRI/Desktop10.8/ArcCatalog/TAX.sde\tax.sde.parcel_camadata_view,grantor,-1,-1;vacantorimproved "vacantorimproved" false true false 3 Text 0 0 ,First,#,C:/Users/t-blacksr/AppData/Roaming/ESRI/Desktop10.8/ArcCatalog/TAX.sde\tax.sde.parcel_camadata_view,vacantorimproved,-1,-1;typeofdeed "typeofdeed" false true false 50 Text 0 0 ,First,#,C:/Users/t-blacksr/AppData/Roaming/ESRI/Desktop10.8/ArcCatalog/TAX.sde\tax.sde.parcel_camadata_view,typeofdeed,-1,-1;legalreference "legalreference" false true false 50 Text 0 0 ,First,#,C:/Users/t-blacksr/AppData/Roaming/ESRI/Desktop10.8/ArcCatalog/TAX.sde\tax.sde.parcel_camadata_view,legalreference,-1,-1;taxfire "taxfire" false true false 100 Text 0 0 ,First,#,C:/Users/t-blacksr/AppData/Roaming/ESRI/Desktop10.8/ArcCatalog/TAX.sde\tax.sde.parcel_camadata_view,taxfire,-1,-1;taxmun "taxmun" false true false 100 Text 0 0 ,First,#,C:/Users/t-blacksr/AppData/Roaming/ESRI/Desktop10.8/ArcCatalog/TAX.sde\tax.sde.parcel_camadata_view,taxmun,-1,-1;taxspecdist "taxspecdist" false true false 100 Text 0 0 ,First,#,C:/Users/t-blacksr/AppData/Roaming/ESRI/Desktop10.8/ArcCatalog/TAX.sde\tax.sde.parcel_camadata_view,taxspecdist,-1,-1;dateannexed "dateannexed" false true false 8 Date 0 0 ,First,#,C:/Users/t-blacksr/AppData/Roaming/ESRI/Desktop10.8/ArcCatalog/TAX.sde\tax.sde.parcel_camadata_view,dateannexed,-1,-1;landusecode "landusecode" false true false 10 Text 0 0 ,First,#,C:/Users/t-blacksr/AppData/Roaming/ESRI/Desktop10.8/ArcCatalog/TAX.sde\tax.sde.parcel_camadata_view,landusecode,-1,-1;netbldgvalue "netbldgvalue" false true false 8 Double 0 20 ,First,#,C:/Users/t-blacksr/AppData/Roaming/ESRI/Desktop10.8/ArcCatalog/TAX.sde\tax.sde.parcel_camadata_view,netbldgvalue,-1,-1;physicaldepcode "physicaldepcode" false true false 10 Text 0 0 ,First,#,C:/Users/t-blacksr/AppData/Roaming/ESRI/Desktop10.8/ArcCatalog/TAX.sde\tax.sde.parcel_camadata_view,physicaldepcode,-1,-1;propertyusecode "propertyusecode" false true false 10 Text 0 0 ,First,#,C:/Users/t-blacksr/AppData/Roaming/ESRI/Desktop10.8/ArcCatalog/TAX.sde\tax.sde.parcel_camadata_view,propertyusecode,-1,-1;descpropertyuse "descpropertyuse" false true false 50 Text 0 0 ,First,#,C:/Users/t-blacksr/AppData/Roaming/ESRI/Desktop10.8/ArcCatalog/TAX.sde\tax.sde.parcel_camadata_view,descpropertyuse,-1,-1;neighcode "neighcode" false true false 10 Text 0 0 ,First,#,C:/Users/t-blacksr/AppData/Roaming/ESRI/Desktop10.8/ArcCatalog/TAX.sde\tax.sde.parcel_camadata_view,neighcode,-1,-1;neighbourhood "neighbourhood" false true false 100 Text 0 0 ,First,#,C:/Users/t-blacksr/AppData/Roaming/ESRI/Desktop10.8/ArcCatalog/TAX.sde\tax.sde.parcel_camadata_view,neighbourhood,-1,-1;ownertype "ownertype" false true false 50 Text 0 0 ,First,#,C:/Users/t-blacksr/AppData/Roaming/ESRI/Desktop10.8/ArcCatalog/TAX.sde\tax.sde.parcel_camadata_view,ownertype,-1,-1;ownerno "ownerno" false true false 4 Long 0 10 ,First,#,C:/Users/t-blacksr/AppData/Roaming/ESRI/Desktop10.8/ArcCatalog/TAX.sde\tax.sde.parcel_camadata_view,ownerno,-1,-1;accounttype "accounttype" false true false 50 Text 0 0 ,First,#,C:/Users/t-blacksr/AppData/Roaming/ESRI/Desktop10.8/ArcCatalog/TAX.sde\tax.sde.parcel_camadata_view,accounttype,-1,-1;parlegaldesc "parlegaldesc" false true false 1073741822 Text 0 0 ,First,#,C:/Users/t-blacksr/AppData/Roaming/ESRI/Desktop10.8/ArcCatalog/TAX.sde\tax.sde.parcel_camadata_view,parlegaldesc,-1,-1;parlandunittype "parlandunittype" false true false 10 Text 0 0 ,First,#,C:/Users/t-blacksr/AppData/Roaming/ESRI/Desktop10.8/ArcCatalog/TAX.sde\tax.sde.parcel_camadata_view,parlandunittype,-1,-1;landsequenceno "landsequenceno" false true false 4 Long 0 10 ,First,#,C:/Users/t-blacksr/AppData/Roaming/ESRI/Desktop10.8/ArcCatalog/TAX.sde\tax.sde.parcel_camadata_view,landsequenceno,-1,-1" #</Process><Process ToolSource="c:\arcgis\desktop10.8\ArcToolbox\Toolboxes\Data Management Tools.tbx\CopyFeatures" Date="20221004" Time="071800">CopyFeatures cmscamaLayer D:\GIS\ArcMap\OpenMapping.gdb\Ownership\TaxCama_CMS_Parcels_py # 0 0 0</Process><Process ToolSource="c:\arcgis\desktop10.8\ArcToolbox\Toolboxes\Conversion Tools.tbx\FeatureClassToFeatureClass" Date="20221004" Time="071822">FeatureClassToFeatureClass D:/GIS/ArcMap/OpenMapping.gdb/Ownership/TaxCama_CMS_Parcels_py D:/GIS/Python/OpenMapping TaxCama_CMS_Parcels # "map_book "map_book" true true false 3 Text 0 0 ,First,#,D:/GIS/ArcMap/OpenMapping.gdb/Ownership/TaxCama_CMS_Parcels_py,map_book,-1,-1;map_page "map_page" true true false 2 Text 0 0 ,First,#,D:/GIS/ArcMap/OpenMapping.gdb/Ownership/TaxCama_CMS_Parcels_py,map_page,-1,-1;map_block "map_block" true true false 1 Text 0 0 ,First,#,D:/GIS/ArcMap/OpenMapping.gdb/Ownership/TaxCama_CMS_Parcels_py,map_block,-1,-1;lot_num "lot_num" true true false 2 Text 0 0 ,First,#,D:/GIS/ArcMap/OpenMapping.gdb/Ownership/TaxCama_CMS_Parcels_py,lot_num,-1,-1;nc_pin "nc_pin" true true false 16 Text 0 0 ,First,#,D:/GIS/ArcMap/OpenMapping.gdb/Ownership/TaxCama_CMS_Parcels_py,nc_pin,-1,-1;condo_town "condo_town_flag" true true false 8 Double 0 0 ,First,#,D:/GIS/ArcMap/OpenMapping.gdb/Ownership/TaxCama_CMS_Parcels_py,condo_town_flag,-1,-1;parcel_typ "parcel_type" true true false 8 Double 0 0 ,First,#,D:/GIS/ArcMap/OpenMapping.gdb/Ownership/TaxCama_CMS_Parcels_py,parcel_type,-1,-1;pid "pid" true true false 8 Text 0 0 ,First,#,D:/GIS/ArcMap/OpenMapping.gdb/Ownership/TaxCama_CMS_Parcels_py,pid,-1,-1;legal_from "legal_from" true true false 8 Date 0 0 ,First,#,D:/GIS/ArcMap/OpenMapping.gdb/Ownership/TaxCama_CMS_Parcels_py,legal_from,-1,-1;commonpid "commonpid" true true false 20 Text 0 0 ,First,#,D:/GIS/ArcMap/OpenMapping.gdb/Ownership/TaxCama_CMS_Parcels_py,commonpid,-1,-1;taxpid "taxpid" true true false 9 Text 0 0 ,First,#,D:/GIS/ArcMap/OpenMapping.gdb/Ownership/TaxCama_CMS_Parcels_py,taxpid,-1,-1;totalac "totalac" true true false 8 Double 0 0 ,First,#,D:/GIS/ArcMap/OpenMapping.gdb/Ownership/TaxCama_CMS_Parcels_py,totalac,-1,-1;ownerlastn "ownerlastname" true true false 255 Text 0 0 ,First,#,D:/GIS/ArcMap/OpenMapping.gdb/Ownership/TaxCama_CMS_Parcels_py,ownerlastname,-1,-1;ownerfirst "ownerfirstname" true true false 255 Text 0 0 ,First,#,D:/GIS/ArcMap/OpenMapping.gdb/Ownership/TaxCama_CMS_Parcels_py,ownerfirstname,-1,-1;cownerfirs "cownerfirstname" true true false 255 Text 0 0 ,First,#,D:/GIS/ArcMap/OpenMapping.gdb/Ownership/TaxCama_CMS_Parcels_py,cownerfirstname,-1,-1;cownerlast "cownerlastname" true true false 255 Text 0 0 ,First,#,D:/GIS/ArcMap/OpenMapping.gdb/Ownership/TaxCama_CMS_Parcels_py,cownerlastname,-1,-1;houseno "houseno" true true false 10 Text 0 0 ,First,#,D:/GIS/ArcMap/OpenMapping.gdb/Ownership/TaxCama_CMS_Parcels_py,houseno,-1,-1;houseunit "houseunit" true true false 50 Text 0 0 ,First,#,D:/GIS/ArcMap/OpenMapping.gdb/Ownership/TaxCama_CMS_Parcels_py,houseunit,-1,-1;stdir "stdir" true true false 2 Text 0 0 ,First,#,D:/GIS/ArcMap/OpenMapping.gdb/Ownership/TaxCama_CMS_Parcels_py,stdir,-1,-1;stname "stname" true true false 30 Text 0 0 ,First,#,D:/GIS/ArcMap/OpenMapping.gdb/Ownership/TaxCama_CMS_Parcels_py,stname,-1,-1;sttype "sttype" true true false 2 Text 0 0 ,First,#,D:/GIS/ArcMap/OpenMapping.gdb/Ownership/TaxCama_CMS_Parcels_py,sttype,-1,-1;stsuffix "stsuffix" true true false 8 Text 0 0 ,First,#,D:/GIS/ArcMap/OpenMapping.gdb/Ownership/TaxCama_CMS_Parcels_py,stsuffix,-1,-1;codemunici "codemunicipality" true true false 1 Text 0 0 ,First,#,D:/GIS/ArcMap/OpenMapping.gdb/Ownership/TaxCama_CMS_Parcels_py,codemunicipality,-1,-1;municipali "municipality" true true false 100 Text 0 0 ,First,#,D:/GIS/ArcMap/OpenMapping.gdb/Ownership/TaxCama_CMS_Parcels_py,municipality,-1,-1;mailaddr1 "mailaddr1" true true false 255 Text 0 0 ,First,#,D:/GIS/ArcMap/OpenMapping.gdb/Ownership/TaxCama_CMS_Parcels_py,mailaddr1,-1,-1;mailaddr2 "mailaddr2" true true false 255 Text 0 0 ,First,#,D:/GIS/ArcMap/OpenMapping.gdb/Ownership/TaxCama_CMS_Parcels_py,mailaddr2,-1,-1;city "city" true true false 50 Text 0 0 ,First,#,D:/GIS/ArcMap/OpenMapping.gdb/Ownership/TaxCama_CMS_Parcels_py,city,-1,-1;state "state" true true false 50 Text 0 0 ,First,#,D:/GIS/ArcMap/OpenMapping.gdb/Ownership/TaxCama_CMS_Parcels_py,state,-1,-1;zipcode "zipcode" true true false 10 Text 0 0 ,First,#,D:/GIS/ArcMap/OpenMapping.gdb/Ownership/TaxCama_CMS_Parcels_py,zipcode,-1,-1;extravalue "extravaluefeature" true true false 8 Double 0 0 ,First,#,D:/GIS/ArcMap/OpenMapping.gdb/Ownership/TaxCama_CMS_Parcels_py,extravaluefeature,-1,-1;landvalue "landvalue" true true false 8 Double 0 0 ,First,#,D:/GIS/ArcMap/OpenMapping.gdb/Ownership/TaxCama_CMS_Parcels_py,landvalue,-1,-1;totalvalue "totalvalue" true true false 8 Double 0 0 ,First,#,D:/GIS/ArcMap/OpenMapping.gdb/Ownership/TaxCama_CMS_Parcels_py,totalvalue,-1,-1;dateofsale "dateofsale" true true false 8 Date 0 0 ,First,#,D:/GIS/ArcMap/OpenMapping.gdb/Ownership/TaxCama_CMS_Parcels_py,dateofsale,-1,-1;price "price" true true false 8 Double 0 0 ,First,#,D:/GIS/ArcMap/OpenMapping.gdb/Ownership/TaxCama_CMS_Parcels_py,price,-1,-1;cardno "cardno" true true false 2 Short 0 0 ,First,#,D:/GIS/ArcMap/OpenMapping.gdb/Ownership/TaxCama_CMS_Parcels_py,cardno,-1,-1;yearbuilt "yearbuilt" true true false 2 Short 0 0 ,First,#,D:/GIS/ArcMap/OpenMapping.gdb/Ownership/TaxCama_CMS_Parcels_py,yearbuilt,-1,-1;heatedarea "heatedarea" true true false 8 Double 0 0 ,First,#,D:/GIS/ArcMap/OpenMapping.gdb/Ownership/TaxCama_CMS_Parcels_py,heatedarea,-1,-1;cdebuildin "cdebuilding" true true false 10 Text 0 0 ,First,#,D:/GIS/ArcMap/OpenMapping.gdb/Ownership/TaxCama_CMS_Parcels_py,cdebuilding,-1,-1;descbuildi "descbuildingtype" true true false 50 Text 0 0 ,First,#,D:/GIS/ArcMap/OpenMapping.gdb/Ownership/TaxCama_CMS_Parcels_py,descbuildingtype,-1,-1;storyheigh "storyheight" true true false 50 Text 0 0 ,First,#,D:/GIS/ArcMap/OpenMapping.gdb/Ownership/TaxCama_CMS_Parcels_py,storyheight,-1,-1;aheatingty "aheatingtype" true true false 50 Text 0 0 ,First,#,D:/GIS/ArcMap/OpenMapping.gdb/Ownership/TaxCama_CMS_Parcels_py,aheatingtype,-1,-1;heatedfuel "heatedfuel" true true false 50 Text 0 0 ,First,#,D:/GIS/ArcMap/OpenMapping.gdb/Ownership/TaxCama_CMS_Parcels_py,heatedfuel,-1,-1;actype "actype" true true false 50 Text 0 0 ,First,#,D:/GIS/ArcMap/OpenMapping.gdb/Ownership/TaxCama_CMS_Parcels_py,actype,-1,-1;extwall "extwall" true true false 50 Text 0 0 ,First,#,D:/GIS/ArcMap/OpenMapping.gdb/Ownership/TaxCama_CMS_Parcels_py,extwall,-1,-1;foundation "foundation" true true false 50 Text 0 0 ,First,#,D:/GIS/ArcMap/OpenMapping.gdb/Ownership/TaxCama_CMS_Parcels_py,foundation,-1,-1;numfirepla "numfireplaces" true true false 4 Long 0 0 ,First,#,D:/GIS/ArcMap/OpenMapping.gdb/Ownership/TaxCama_CMS_Parcels_py,numfireplaces,-1,-1;fireplaces "fireplaces" true true false 10 Text 0 0 ,First,#,D:/GIS/ArcMap/OpenMapping.gdb/Ownership/TaxCama_CMS_Parcels_py,fireplaces,-1,-1;bldggrade "bldggrade" true true false 50 Text 0 0 ,First,#,D:/GIS/ArcMap/OpenMapping.gdb/Ownership/TaxCama_CMS_Parcels_py,bldggrade,-1,-1;fullbaths "fullbaths" true true false 2 Short 0 0 ,First,#,D:/GIS/ArcMap/OpenMapping.gdb/Ownership/TaxCama_CMS_Parcels_py,fullbaths,-1,-1;halfbaths "halfbaths" true true false 2 Short 0 0 ,First,#,D:/GIS/ArcMap/OpenMapping.gdb/Ownership/TaxCama_CMS_Parcels_py,halfbaths,-1,-1;bedrooms "bedrooms" true true false 4 Long 0 0 ,First,#,D:/GIS/ArcMap/OpenMapping.gdb/Ownership/TaxCama_CMS_Parcels_py,bedrooms,-1,-1;units "units" true true false 2 Short 0 0 ,First,#,D:/GIS/ArcMap/OpenMapping.gdb/Ownership/TaxCama_CMS_Parcels_py,units,-1,-1;deedbook "deedbook" true true false 20 Text 0 0 ,First,#,D:/GIS/ArcMap/OpenMapping.gdb/Ownership/TaxCama_CMS_Parcels_py,deedbook,-1,-1;deedpage "deedpage" true true false 20 Text 0 0 ,First,#,D:/GIS/ArcMap/OpenMapping.gdb/Ownership/TaxCama_CMS_Parcels_py,deedpage,-1,-1;grantor "grantor" true true false 255 Text 0 0 ,First,#,D:/GIS/ArcMap/OpenMapping.gdb/Ownership/TaxCama_CMS_Parcels_py,grantor,-1,-1;vacantorim "vacantorimproved" true true false 3 Text 0 0 ,First,#,D:/GIS/ArcMap/OpenMapping.gdb/Ownership/TaxCama_CMS_Parcels_py,vacantorimproved,-1,-1;typeofdeed "typeofdeed" true true false 50 Text 0 0 ,First,#,D:/GIS/ArcMap/OpenMapping.gdb/Ownership/TaxCama_CMS_Parcels_py,typeofdeed,-1,-1;legalrefer "legalreference" true true false 50 Text 0 0 ,First,#,D:/GIS/ArcMap/OpenMapping.gdb/Ownership/TaxCama_CMS_Parcels_py,legalreference,-1,-1;taxfire "taxfire" true true false 100 Text 0 0 ,First,#,D:/GIS/ArcMap/OpenMapping.gdb/Ownership/TaxCama_CMS_Parcels_py,taxfire,-1,-1;taxmun "taxmun" true true false 100 Text 0 0 ,First,#,D:/GIS/ArcMap/OpenMapping.gdb/Ownership/TaxCama_CMS_Parcels_py,taxmun,-1,-1;taxspecdis "taxspecdist" true true false 100 Text 0 0 ,First,#,D:/GIS/ArcMap/OpenMapping.gdb/Ownership/TaxCama_CMS_Parcels_py,taxspecdist,-1,-1;dateannexe "dateannexed" true true false 8 Date 0 0 ,First,#,D:/GIS/ArcMap/OpenMapping.gdb/Ownership/TaxCama_CMS_Parcels_py,dateannexed,-1,-1;landusecod "landusecode" true true false 10 Text 0 0 ,First,#,D:/GIS/ArcMap/OpenMapping.gdb/Ownership/TaxCama_CMS_Parcels_py,landusecode,-1,-1;netbldgval "netbldgvalue" true true false 8 Double 0 0 ,First,#,D:/GIS/ArcMap/OpenMapping.gdb/Ownership/TaxCama_CMS_Parcels_py,netbldgvalue,-1,-1;physicalde "physicaldepcode" true true false 10 Text 0 0 ,First,#,D:/GIS/ArcMap/OpenMapping.gdb/Ownership/TaxCama_CMS_Parcels_py,physicaldepcode,-1,-1;propertyus "propertyusecode" true true false 10 Text 0 0 ,First,#,D:/GIS/ArcMap/OpenMapping.gdb/Ownership/TaxCama_CMS_Parcels_py,propertyusecode,-1,-1;descproper "descpropertyuse" true true false 50 Text 0 0 ,First,#,D:/GIS/ArcMap/OpenMapping.gdb/Ownership/TaxCama_CMS_Parcels_py,descpropertyuse,-1,-1;neighcode "neighcode" true true false 10 Text 0 0 ,First,#,D:/GIS/ArcMap/OpenMapping.gdb/Ownership/TaxCama_CMS_Parcels_py,neighcode,-1,-1;neighbourh "neighbourhood" true true false 100 Text 0 0 ,First,#,D:/GIS/ArcMap/OpenMapping.gdb/Ownership/TaxCama_CMS_Parcels_py,neighbourhood,-1,-1;ownertype "ownertype" true true false 50 Text 0 0 ,First,#,D:/GIS/ArcMap/OpenMapping.gdb/Ownership/TaxCama_CMS_Parcels_py,ownertype,-1,-1;ownerno "ownerno" true true false 4 Long 0 0 ,First,#,D:/GIS/ArcMap/OpenMapping.gdb/Ownership/TaxCama_CMS_Parcels_py,ownerno,-1,-1;accounttyp "accounttype" true true false 50 Text 0 0 ,First,#,D:/GIS/ArcMap/OpenMapping.gdb/Ownership/TaxCama_CMS_Parcels_py,accounttype,-1,-1;parlegalde "parlegaldesc" true true false 1073741822 Text 0 0 ,First,#,D:/GIS/ArcMap/OpenMapping.gdb/Ownership/TaxCama_CMS_Parcels_py,parlegaldesc,-1,-1;parlanduni "parlandunittype" true true false 10 Text 0 0 ,First,#,D:/GIS/ArcMap/OpenMapping.gdb/Ownership/TaxCama_CMS_Parcels_py,parlandunittype,-1,-1;landsequen "landsequenceno" true true false 4 Long 0 0 ,First,#,D:/GIS/ArcMap/OpenMapping.gdb/Ownership/TaxCama_CMS_Parcels_py,landsequenceno,-1,-1;Shape_Leng "Shape_Leng" false true true 8 Double 0 0 ,First,#,D:/GIS/ArcMap/OpenMapping.gdb/Ownership/TaxCama_CMS_Parcels_py,Shape_Length,-1,-1;Shape_Area "Shape_Area" false true true 8 Double 0 0 ,First,#,D:/GIS/ArcMap/OpenMapping.gdb/Ownership/TaxCama_CMS_Parcels_py,Shape_Area,-1,-1" #</Process></lineage><itemProps><itemName Sync="TRUE">TaxCama_CMS_Parcels</itemName><imsContentType Sync="TRUE">002</imsContentType><itemLocation><linkage Sync="TRUE">file://\\SUS-SCRP-P-AP1V\D$\GIS\Python\OpenMapping\TaxCama_CMS_Parcels.shp</linkage><protocol Sync="TRUE">Local Area Network</protocol></itemLocation><itemSize Sync="TRUE">0.000</itemSize></itemProps><coordRef><type Sync="TRUE">Projected</type><geogcsn Sync="TRUE">GCS_North_American_1983</geogcsn><csUnits Sync="TRUE">Linear Unit: Foot_US (0.304801)</csUnits><projcsn Sync="TRUE">NAD_1983_StatePlane_North_Carolina_FIPS_3200_Feet</projcsn><peXml Sync="TRUE">&lt;ProjectedCoordinateSystem xsi:type='typens:ProjectedCoordinateSystem' xmlns:xsi='http://www.w3.org/2001/XMLSchema-instance' xmlns:xs='http://www.w3.org/2001/XMLSchema' xmlns:typens='http://www.esri.com/schemas/ArcGIS/10.8'&gt;&lt;WKT&gt;PROJCS[&amp;quot;NAD_1983_StatePlane_North_Carolina_FIPS_3200_Feet&amp;quot;,GEOGCS[&amp;quot;GCS_North_American_1983&amp;quot;,DATUM[&amp;quot;D_North_American_1983&amp;quot;,SPHEROID[&amp;quot;GRS_1980&amp;quot;,6378137.0,298.257222101]],PRIMEM[&amp;quot;Greenwich&amp;quot;,0.0],UNIT[&amp;quot;Degree&amp;quot;,0.0174532925199433]],PROJECTION[&amp;quot;Lambert_Conformal_Conic&amp;quot;],PARAMETER[&amp;quot;False_Easting&amp;quot;,2000000.002616666],PARAMETER[&amp;quot;False_Northing&amp;quot;,0.0],PARAMETER[&amp;quot;Central_Meridian&amp;quot;,-79.0],PARAMETER[&amp;quot;Standard_Parallel_1&amp;quot;,34.33333333333334],PARAMETER[&amp;quot;Standard_Parallel_2&amp;quot;,36.16666666666666],PARAMETER[&amp;quot;Latitude_Of_Origin&amp;quot;,33.75],UNIT[&amp;quot;Foot_US&amp;quot;,0.3048006096012192],AUTHORITY[&amp;quot;EPSG&amp;quot;,2264]]&lt;/WKT&gt;&lt;XOrigin&gt;-121841900&lt;/XOrigin&gt;&lt;YOrigin&gt;-93659000&lt;/YOrigin&gt;&lt;XYScale&gt;36365718.124241434&lt;/XYScale&gt;&lt;ZOrigin&gt;-100000&lt;/ZOrigin&gt;&lt;ZScale&gt;10000&lt;/ZScale&gt;&lt;MOrigin&gt;-100000&lt;/MOrigin&gt;&lt;MScale&gt;10000&lt;/MScale&gt;&lt;XYTolerance&gt;0.0032808333333333331&lt;/XYTolerance&gt;&lt;ZTolerance&gt;0.001&lt;/ZTolerance&gt;&lt;MTolerance&gt;0.001&lt;/MTolerance&gt;&lt;HighPrecision&gt;true&lt;/HighPrecision&gt;&lt;WKID&gt;102719&lt;/WKID&gt;&lt;LatestWKID&gt;2264&lt;/LatestWKID&gt;&lt;/ProjectedCoordinateSystem&gt;</peXml></coordRef></DataProperties><SyncDate>20221004</SyncDate><SyncTime>07182200</SyncTime><ModDate>20221004</ModDate><ModTime>07182200</ModTime></Esri><dataIdInfo><envirDesc Sync="TRUE"> Version 6.2 (Build 9200) ; Esri ArcGIS 10.8.1.14362</envirDesc><dataLang><languageCode value="eng" Sync="TRUE"></languageCode><countryCode value="USA" Sync="TRUE"></countryCode></dataLang><idCitation><resTitle Sync="TRUE">TaxCama_CMS_Parcels</resTitle><presForm><PresFormCd value="005" Sync="TRUE"></PresFormCd></presForm></idCitation><spatRpType><SpatRepTypCd value="001" Sync="TRUE"></SpatRepTypCd></spatRpType></dataIdInfo><mdLang><languageCode value="eng" Sync="TRUE"></languageCode><countryCode value="USA" Sync="TRUE"></countryCode></mdLang><distInfo><distFormat><formatName Sync="TRUE">Shapefile</formatName></distFormat><distTranOps><transSize Sync="TRUE">0.000</transSize></distTranOps></distInfo><mdHrLv><ScopeCd value="005" Sync="TRUE"></ScopeCd></mdHrLv><mdHrLvName Sync="TRUE">dataset</mdHrLvName><refSysInfo><RefSystem><refSysID><identCode code="2264" Sync="TRUE"></identCode><idCodeSpace Sync="TRUE">EPSG</idCodeSpace><idVersion Sync="TRUE">6.12(9.0.0)</idVersion></refSysID></RefSystem></refSysInfo><spatRepInfo><VectSpatRep><geometObjs Name="TaxCama_CMS_Parcels"><geoObjTyp><GeoObjTypCd value="002" Sync="TRUE"></GeoObjTypCd></geoObjTyp><geoObjCnt Sync="TRUE">0</geoObjCnt></geometObjs><topLvl><TopoLevCd value="001" Sync="TRUE"></TopoLevCd></topLvl></VectSpatRep></spatRepInfo><spdoinfo><ptvctinf><esriterm Name="TaxCama_CMS_Parcels"><efeatyp Sync="TRUE">Simple</efeatyp><efeageom code="4" Sync="TRUE"></efeageom><esritopo Sync="TRUE">FALSE</esritopo><efeacnt Sync="TRUE">0</efeacnt><spindex Sync="TRUE">FALSE</spindex><linrefer Sync="TRUE">FALSE</linrefer></esriterm></ptvctinf></spdoinfo><eainfo><detailed Name="TaxCama_CMS_Parcels"><enttyp><enttypl Sync="TRUE">TaxCama_CMS_Parcels</enttypl><enttypt Sync="TRUE">Feature Class</enttypt><enttypc Sync="TRUE">0</enttypc></enttyp><attr><attrlabl Sync="TRUE">FID</attrlabl><attalias Sync="TRUE">FID</attalias><attrtype Sync="TRUE">OID</attrtype><attwidth Sync="TRUE">4</attwidth><atprecis Sync="TRUE">0</atprecis><attscale Sync="TRUE">0</attscale><attrdef Sync="TRUE">Internal feature number.</attrdef><attrdefs Sync="TRUE">Esri</attrdefs><attrdomv><udom Sync="TRUE">Sequential unique whole numbers that are automatically generated.</udom></attrdomv></attr><attr><attrlabl Sync="TRUE">Shape</attrlabl><attalias Sync="TRUE">Shape</attalias><attrtype Sync="TRUE">Geometry</attrtype><attwidth Sync="TRUE">0</attwidth><atprecis Sync="TRUE">0</atprecis><attscale Sync="TRUE">0</attscale><attrdef Sync="TRUE">Feature geometry.</attrdef><attrdefs Sync="TRUE">Esri</attrdefs><attrdomv><udom Sync="TRUE">Coordinates defining the features.</udom></attrdomv></attr><attr><attrlabl Sync="TRUE">map_book</attrlabl><attalias Sync="TRUE">map_book</attalias><attrtype Sync="TRUE">String</attrtype><attwidth Sync="TRUE">3</attwidth><atprecis Sync="TRUE">0</atprecis><attscale Sync="TRUE">0</attscale></attr><attr><attrlabl Sync="TRUE">map_page</attrlabl><attalias Sync="TRUE">map_page</attalias><attrtype Sync="TRUE">String</attrtype><attwidth Sync="TRUE">2</attwidth><atprecis Sync="TRUE">0</atprecis><attscale Sync="TRUE">0</attscale></attr><attr><attrlabl Sync="TRUE">map_block</attrlabl><attalias Sync="TRUE">map_block</attalias><attrtype Sync="TRUE">String</attrtype><attwidth Sync="TRUE">1</attwidth><atprecis Sync="TRUE">0</atprecis><attscale Sync="TRUE">0</attscale></attr><attr><attrlabl Sync="TRUE">lot_num</attrlabl><attalias Sync="TRUE">lot_num</attalias><attrtype Sync="TRUE">String</attrtype><attwidth Sync="TRUE">2</attwidth><atprecis Sync="TRUE">0</atprecis><attscale Sync="TRUE">0</attscale></attr><attr><attrlabl Sync="TRUE">nc_pin</attrlabl><attalias Sync="TRUE">nc_pin</attalias><attrtype Sync="TRUE">String</attrtype><attwidth Sync="TRUE">16</attwidth><atprecis Sync="TRUE">0</atprecis><attscale Sync="TRUE">0</attscale></attr><attr><attrlabl Sync="TRUE">condo_town</attrlabl><attalias Sync="TRUE">condo_town</attalias><attrtype Sync="TRUE">Double</attrtype><attwidth Sync="TRUE">19</attwidth><atprecis Sync="TRUE">0</atprecis><attscale Sync="TRUE">0</attscale></attr><attr><attrlabl Sync="TRUE">parcel_typ</attrlabl><attalias Sync="TRUE">parcel_typ</attalias><attrtype Sync="TRUE">Double</attrtype><attwidth Sync="TRUE">19</attwidth><atprecis Sync="TRUE">0</atprecis><attscale Sync="TRUE">0</attscale></attr><attr><attrlabl Sync="TRUE">pid</attrlabl><attalias Sync="TRUE">pid</attalias><attrtype Sync="TRUE">String</attrtype><attwidth Sync="TRUE">8</attwidth><atprecis Sync="TRUE">0</atprecis><attscale Sync="TRUE">0</attscale></attr><attr><attrlabl Sync="TRUE">legal_from</attrlabl><attalias Sync="TRUE">legal_from</attalias><attrtype Sync="TRUE">Date</attrtype><attwidth Sync="TRUE">8</attwidth><atprecis Sync="TRUE">0</atprecis><attscale Sync="TRUE">0</attscale></attr><attr><attrlabl Sync="TRUE">commonpid</attrlabl><attalias Sync="TRUE">commonpid</attalias><attrtype Sync="TRUE">String</attrtype><attwidth Sync="TRUE">20</attwidth><atprecis Sync="TRUE">0</atprecis><attscale Sync="TRUE">0</attscale></attr><attr><attrlabl Sync="TRUE">taxpid</attrlabl><attalias Sync="TRUE">taxpid</attalias><attrtype Sync="TRUE">String</attrtype><attwidth Sync="TRUE">9</attwidth><atprecis Sync="TRUE">0</atprecis><attscale Sync="TRUE">0</attscale></attr><attr><attrlabl Sync="TRUE">totalac</attrlabl><attalias Sync="TRUE">totalac</attalias><attrtype Sync="TRUE">Double</attrtype><attwidth Sync="TRUE">19</attwidth><atprecis Sync="TRUE">0</atprecis><attscale Sync="TRUE">0</attscale></attr><attr><attrlabl Sync="TRUE">ownerlastn</attrlabl><attalias Sync="TRUE">ownerlastn</attalias><attrtype Sync="TRUE">String</attrtype><attwidth Sync="TRUE">254</attwidth><atprecis Sync="TRUE">0</atprecis><attscale Sync="TRUE">0</attscale></attr><attr><attrlabl Sync="TRUE">ownerfirst</attrlabl><attalias Sync="TRUE">ownerfirst</attalias><attrtype Sync="TRUE">String</attrtype><attwidth Sync="TRUE">254</attwidth><atprecis Sync="TRUE">0</atprecis><attscale Sync="TRUE">0</attscale></attr><attr><attrlabl Sync="TRUE">cownerfirs</attrlabl><attalias Sync="TRUE">cownerfirs</attalias><attrtype Sync="TRUE">String</attrtype><attwidth Sync="TRUE">254</attwidth><atprecis Sync="TRUE">0</atprecis><attscale Sync="TRUE">0</attscale></attr><attr><attrlabl Sync="TRUE">cownerlast</attrlabl><attalias Sync="TRUE">cownerlast</attalias><attrtype Sync="TRUE">String</attrtype><attwidth Sync="TRUE">254</attwidth><atprecis Sync="TRUE">0</atprecis><attscale Sync="TRUE">0</attscale></attr><attr><attrlabl Sync="TRUE">houseno</attrlabl><attalias Sync="TRUE">houseno</attalias><attrtype Sync="TRUE">String</attrtype><attwidth Sync="TRUE">10</attwidth><atprecis Sync="TRUE">0</atprecis><attscale Sync="TRUE">0</attscale></attr><attr><attrlabl Sync="TRUE">houseunit</attrlabl><attalias Sync="TRUE">houseunit</attalias><attrtype Sync="TRUE">String</attrtype><attwidth Sync="TRUE">50</attwidth><atprecis Sync="TRUE">0</atprecis><attscale Sync="TRUE">0</attscale></attr><attr><attrlabl Sync="TRUE">stdir</attrlabl><attalias Sync="TRUE">stdir</attalias><attrtype Sync="TRUE">String</attrtype><attwidth Sync="TRUE">2</attwidth><atprecis Sync="TRUE">0</atprecis><attscale Sync="TRUE">0</attscale></attr><attr><attrlabl Sync="TRUE">stname</attrlabl><attalias Sync="TRUE">stname</attalias><attrtype Sync="TRUE">String</attrtype><attwidth Sync="TRUE">30</attwidth><atprecis Sync="TRUE">0</atprecis><attscale Sync="TRUE">0</attscale></attr><attr><attrlabl Sync="TRUE">sttype</attrlabl><attalias Sync="TRUE">sttype</attalias><attrtype Sync="TRUE">String</attrtype><attwidth Sync="TRUE">2</attwidth><atprecis Sync="TRUE">0</atprecis><attscale Sync="TRUE">0</attscale></attr><attr><attrlabl Sync="TRUE">stsuffix</attrlabl><attalias Sync="TRUE">stsuffix</attalias><attrtype Sync="TRUE">String</attrtype><attwidth Sync="TRUE">8</attwidth><atprecis Sync="TRUE">0</atprecis><attscale Sync="TRUE">0</attscale></attr><attr><attrlabl Sync="TRUE">codemunici</attrlabl><attalias Sync="TRUE">codemunici</attalias><attrtype Sync="TRUE">String</attrtype><attwidth Sync="TRUE">1</attwidth><atprecis Sync="TRUE">0</atprecis><attscale Sync="TRUE">0</attscale></attr><attr><attrlabl Sync="TRUE">municipali</attrlabl><attalias Sync="TRUE">municipali</attalias><attrtype Sync="TRUE">String</attrtype><attwidth Sync="TRUE">100</attwidth><atprecis Sync="TRUE">0</atprecis><attscale Sync="TRUE">0</attscale></attr><attr><attrlabl Sync="TRUE">mailaddr1</attrlabl><attalias Sync="TRUE">mailaddr1</attalias><attrtype Sync="TRUE">String</attrtype><attwidth Sync="TRUE">254</attwidth><atprecis Sync="TRUE">0</atprecis><attscale Sync="TRUE">0</attscale></attr><attr><attrlabl Sync="TRUE">mailaddr2</attrlabl><attalias Sync="TRUE">mailaddr2</attalias><attrtype Sync="TRUE">String</attrtype><attwidth Sync="TRUE">254</attwidth><atprecis Sync="TRUE">0</atprecis><attscale Sync="TRUE">0</attscale></attr><attr><attrlabl Sync="TRUE">city</attrlabl><attalias Sync="TRUE">city</attalias><attrtype Sync="TRUE">String</attrtype><attwidth Sync="TRUE">50</attwidth><atprecis Sync="TRUE">0</atprecis><attscale Sync="TRUE">0</attscale></attr><attr><attrlabl Sync="TRUE">state</attrlabl><attalias Sync="TRUE">state</attalias><attrtype Sync="TRUE">String</attrtype><attwidth Sync="TRUE">50</attwidth><atprecis Sync="TRUE">0</atprecis><attscale Sync="TRUE">0</attscale></attr><attr><attrlabl Sync="TRUE">zipcode</attrlabl><attalias Sync="TRUE">zipcode</attalias><attrtype Sync="TRUE">String</attrtype><attwidth Sync="TRUE">10</attwidth><atprecis Sync="TRUE">0</atprecis><attscale Sync="TRUE">0</attscale></attr><attr><attrlabl Sync="TRUE">extravalue</attrlabl><attalias Sync="TRUE">extravalue</attalias><attrtype Sync="TRUE">Double</attrtype><attwidth Sync="TRUE">19</attwidth><atprecis Sync="TRUE">0</atprecis><attscale Sync="TRUE">0</attscale></attr><attr><attrlabl Sync="TRUE">landvalue</attrlabl><attalias Sync="TRUE">landvalue</attalias><attrtype Sync="TRUE">Double</attrtype><attwidth Sync="TRUE">19</attwidth><atprecis Sync="TRUE">0</atprecis><attscale Sync="TRUE">0</attscale></attr><attr><attrlabl Sync="TRUE">totalvalue</attrlabl><attalias Sync="TRUE">totalvalue</attalias><attrtype Sync="TRUE">Double</attrtype><attwidth Sync="TRUE">19</attwidth><atprecis Sync="TRUE">0</atprecis><attscale Sync="TRUE">0</attscale></attr><attr><attrlabl Sync="TRUE">dateofsale</attrlabl><attalias Sync="TRUE">dateofsale</attalias><attrtype Sync="TRUE">Date</attrtype><attwidth Sync="TRUE">8</attwidth><atprecis Sync="TRUE">0</atprecis><attscale Sync="TRUE">0</attscale></attr><attr><attrlabl Sync="TRUE">price</attrlabl><attalias Sync="TRUE">price</attalias><attrtype Sync="TRUE">Double</attrtype><attwidth Sync="TRUE">19</attwidth><atprecis Sync="TRUE">0</atprecis><attscale Sync="TRUE">0</attscale></attr><attr><attrlabl Sync="TRUE">cardno</attrlabl><attalias Sync="TRUE">cardno</attalias><attrtype Sync="TRUE">Integer</attrtype><attwidth Sync="TRUE">5</attwidth><atprecis Sync="TRUE">5</atprecis><attscale Sync="TRUE">0</attscale></attr><attr><attrlabl Sync="TRUE">yearbuilt</attrlabl><attalias Sync="TRUE">yearbuilt</attalias><attrtype Sync="TRUE">Integer</attrtype><attwidth Sync="TRUE">5</attwidth><atprecis Sync="TRUE">5</atprecis><attscale Sync="TRUE">0</attscale></attr><attr><attrlabl Sync="TRUE">heatedarea</attrlabl><attalias Sync="TRUE">heatedarea</attalias><attrtype Sync="TRUE">Double</attrtype><attwidth Sync="TRUE">19</attwidth><atprecis Sync="TRUE">0</atprecis><attscale Sync="TRUE">0</attscale></attr><attr><attrlabl Sync="TRUE">cdebuildin</attrlabl><attalias Sync="TRUE">cdebuildin</attalias><attrtype Sync="TRUE">String</attrtype><attwidth Sync="TRUE">10</attwidth><atprecis Sync="TRUE">0</atprecis><attscale Sync="TRUE">0</attscale></attr><attr><attrlabl Sync="TRUE">descbuildi</attrlabl><attalias Sync="TRUE">descbuildi</attalias><attrtype Sync="TRUE">String</attrtype><attwidth Sync="TRUE">50</attwidth><atprecis Sync="TRUE">0</atprecis><attscale Sync="TRUE">0</attscale></attr><attr><attrlabl Sync="TRUE">storyheigh</attrlabl><attalias Sync="TRUE">storyheigh</attalias><attrtype Sync="TRUE">String</attrtype><attwidth Sync="TRUE">50</attwidth><atprecis Sync="TRUE">0</atprecis><attscale Sync="TRUE">0</attscale></attr><attr><attrlabl Sync="TRUE">aheatingty</attrlabl><attalias Sync="TRUE">aheatingty</attalias><attrtype Sync="TRUE">String</attrtype><attwidth Sync="TRUE">50</attwidth><atprecis Sync="TRUE">0</atprecis><attscale Sync="TRUE">0</attscale></attr><attr><attrlabl Sync="TRUE">heatedfuel</attrlabl><attalias Sync="TRUE">heatedfuel</attalias><attrtype Sync="TRUE">String</attrtype><attwidth Sync="TRUE">50</attwidth><atprecis Sync="TRUE">0</atprecis><attscale Sync="TRUE">0</attscale></attr><attr><attrlabl Sync="TRUE">actype</attrlabl><attalias Sync="TRUE">actype</attalias><attrtype Sync="TRUE">String</attrtype><attwidth Sync="TRUE">50</attwidth><atprecis Sync="TRUE">0</atprecis><attscale Sync="TRUE">0</attscale></attr><attr><attrlabl Sync="TRUE">extwall</attrlabl><attalias Sync="TRUE">extwall</attalias><attrtype Sync="TRUE">String</attrtype><attwidth Sync="TRUE">50</attwidth><atprecis Sync="TRUE">0</atprecis><attscale Sync="TRUE">0</attscale></attr><attr><attrlabl Sync="TRUE">foundation</attrlabl><attalias Sync="TRUE">foundation</attalias><attrtype Sync="TRUE">String</attrtype><attwidth Sync="TRUE">50</attwidth><atprecis Sync="TRUE">0</atprecis><attscale Sync="TRUE">0</attscale></attr><attr><attrlabl Sync="TRUE">numfirepla</attrlabl><attalias Sync="TRUE">numfirepla</attalias><attrtype Sync="TRUE">Integer</attrtype><attwidth Sync="TRUE">10</attwidth><atprecis Sync="TRUE">10</atprecis><attscale Sync="TRUE">0</attscale></attr><attr><attrlabl Sync="TRUE">fireplaces</attrlabl><attalias Sync="TRUE">fireplaces</attalias><attrtype Sync="TRUE">String</attrtype><attwidth Sync="TRUE">10</attwidth><atprecis Sync="TRUE">0</atprecis><attscale Sync="TRUE">0</attscale></attr><attr><attrlabl Sync="TRUE">bldggrade</attrlabl><attalias Sync="TRUE">bldggrade</attalias><attrtype Sync="TRUE">String</attrtype><attwidth Sync="TRUE">50</attwidth><atprecis Sync="TRUE">0</atprecis><attscale Sync="TRUE">0</attscale></attr><attr><attrlabl Sync="TRUE">fullbaths</attrlabl><attalias Sync="TRUE">fullbaths</attalias><attrtype Sync="TRUE">Integer</attrtype><attwidth Sync="TRUE">5</attwidth><atprecis Sync="TRUE">5</atprecis><attscale Sync="TRUE">0</attscale></attr><attr><attrlabl Sync="TRUE">halfbaths</attrlabl><attalias Sync="TRUE">halfbaths</attalias><attrtype Sync="TRUE">Integer</attrtype><attwidth Sync="TRUE">5</attwidth><atprecis Sync="TRUE">5</atprecis><attscale Sync="TRUE">0</attscale></attr><attr><attrlabl Sync="TRUE">bedrooms</attrlabl><attalias Sync="TRUE">bedrooms</attalias><attrtype Sync="TRUE">Integer</attrtype><attwidth Sync="TRUE">10</attwidth><atprecis Sync="TRUE">10</atprecis><attscale Sync="TRUE">0</attscale></attr><attr><attrlabl Sync="TRUE">units</attrlabl><attalias Sync="TRUE">units</attalias><attrtype Sync="TRUE">Integer</attrtype><attwidth Sync="TRUE">5</attwidth><atprecis Sync="TRUE">5</atprecis><attscale Sync="TRUE">0</attscale></attr><attr><attrlabl Sync="TRUE">deedbook</attrlabl><attalias Sync="TRUE">deedbook</attalias><attrtype Sync="TRUE">String</attrtype><attwidth Sync="TRUE">20</attwidth><atprecis Sync="TRUE">0</atprecis><attscale Sync="TRUE">0</attscale></attr><attr><attrlabl Sync="TRUE">deedpage</attrlabl><attalias Sync="TRUE">deedpage</attalias><attrtype Sync="TRUE">String</attrtype><attwidth Sync="TRUE">20</attwidth><atprecis Sync="TRUE">0</atprecis><attscale Sync="TRUE">0</attscale></attr><attr><attrlabl Sync="TRUE">grantor</attrlabl><attalias Sync="TRUE">grantor</attalias><attrtype Sync="TRUE">String</attrtype><attwidth Sync="TRUE">254</attwidth><atprecis Sync="TRUE">0</atprecis><attscale Sync="TRUE">0</attscale></attr><attr><attrlabl Sync="TRUE">vacantorim</attrlabl><attalias Sync="TRUE">vacantorim</attalias><attrtype Sync="TRUE">String</attrtype><attwidth Sync="TRUE">3</attwidth><atprecis Sync="TRUE">0</atprecis><attscale Sync="TRUE">0</attscale></attr><attr><attrlabl Sync="TRUE">typeofdeed</attrlabl><attalias Sync="TRUE">typeofdeed</attalias><attrtype Sync="TRUE">String</attrtype><attwidth Sync="TRUE">50</attwidth><atprecis Sync="TRUE">0</atprecis><attscale Sync="TRUE">0</attscale></attr><attr><attrlabl Sync="TRUE">legalrefer</attrlabl><attalias Sync="TRUE">legalrefer</attalias><attrtype Sync="TRUE">String</attrtype><attwidth Sync="TRUE">50</attwidth><atprecis Sync="TRUE">0</atprecis><attscale Sync="TRUE">0</attscale></attr><attr><attrlabl Sync="TRUE">taxfire</attrlabl><attalias Sync="TRUE">taxfire</attalias><attrtype Sync="TRUE">String</attrtype><attwidth Sync="TRUE">100</attwidth><atprecis Sync="TRUE">0</atprecis><attscale Sync="TRUE">0</attscale></attr><attr><attrlabl Sync="TRUE">taxmun</attrlabl><attalias Sync="TRUE">taxmun</attalias><attrtype Sync="TRUE">String</attrtype><attwidth Sync="TRUE">100</attwidth><atprecis Sync="TRUE">0</atprecis><attscale Sync="TRUE">0</attscale></attr><attr><attrlabl Sync="TRUE">taxspecdis</attrlabl><attalias Sync="TRUE">taxspecdis</attalias><attrtype Sync="TRUE">String</attrtype><attwidth Sync="TRUE">100</attwidth><atprecis Sync="TRUE">0</atprecis><attscale Sync="TRUE">0</attscale></attr><attr><attrlabl Sync="TRUE">dateannexe</attrlabl><attalias Sync="TRUE">dateannexe</attalias><attrtype Sync="TRUE">Date</attrtype><attwidth Sync="TRUE">8</attwidth><atprecis Sync="TRUE">0</atprecis><attscale Sync="TRUE">0</attscale></attr><attr><attrlabl Sync="TRUE">landusecod</attrlabl><attalias Sync="TRUE">landusecod</attalias><attrtype Sync="TRUE">String</attrtype><attwidth Sync="TRUE">10</attwidth><atprecis Sync="TRUE">0</atprecis><attscale Sync="TRUE">0</attscale></attr><attr><attrlabl Sync="TRUE">netbldgval</attrlabl><attalias Sync="TRUE">netbldgval</attalias><attrtype Sync="TRUE">Double</attrtype><attwidth Sync="TRUE">19</attwidth><atprecis Sync="TRUE">0</atprecis><attscale Sync="TRUE">0</attscale></attr><attr><attrlabl Sync="TRUE">physicalde</attrlabl><attalias Sync="TRUE">physicalde</attalias><attrtype Sync="TRUE">String</attrtype><attwidth Sync="TRUE">10</attwidth><atprecis Sync="TRUE">0</atprecis><attscale Sync="TRUE">0</attscale></attr><attr><attrlabl Sync="TRUE">propertyus</attrlabl><attalias Sync="TRUE">propertyus</attalias><attrtype Sync="TRUE">String</attrtype><attwidth Sync="TRUE">10</attwidth><atprecis Sync="TRUE">0</atprecis><attscale Sync="TRUE">0</attscale></attr><attr><attrlabl Sync="TRUE">descproper</attrlabl><attalias Sync="TRUE">descproper</attalias><attrtype Sync="TRUE">String</attrtype><attwidth Sync="TRUE">50</attwidth><atprecis Sync="TRUE">0</atprecis><attscale Sync="TRUE">0</attscale></attr><attr><attrlabl Sync="TRUE">neighcode</attrlabl><attalias Sync="TRUE">neighcode</attalias><attrtype Sync="TRUE">String</attrtype><attwidth Sync="TRUE">10</attwidth><atprecis Sync="TRUE">0</atprecis><attscale Sync="TRUE">0</attscale></attr><attr><attrlabl Sync="TRUE">neighbourh</attrlabl><attalias Sync="TRUE">neighbourh</attalias><attrtype Sync="TRUE">String</attrtype><attwidth Sync="TRUE">100</attwidth><atprecis Sync="TRUE">0</atprecis><attscale Sync="TRUE">0</attscale></attr><attr><attrlabl Sync="TRUE">ownertype</attrlabl><attalias Sync="TRUE">ownertype</attalias><attrtype Sync="TRUE">String</attrtype><attwidth Sync="TRUE">50</attwidth><atprecis Sync="TRUE">0</atprecis><attscale Sync="TRUE">0</attscale></attr><attr><attrlabl Sync="TRUE">ownerno</attrlabl><attalias Sync="TRUE">ownerno</attalias><attrtype Sync="TRUE">Integer</attrtype><attwidth Sync="TRUE">10</attwidth><atprecis Sync="TRUE">10</atprecis><attscale Sync="TRUE">0</attscale></attr><attr><attrlabl Sync="TRUE">accounttyp</attrlabl><attalias Sync="TRUE">accounttyp</attalias><attrtype Sync="TRUE">String</attrtype><attwidth Sync="TRUE">50</attwidth><atprecis Sync="TRUE">0</atprecis><attscale Sync="TRUE">0</attscale></attr><attr><attrlabl Sync="TRUE">parlegalde</attrlabl><attalias Sync="TRUE">parlegalde</attalias><attrtype Sync="TRUE">String</attrtype><attwidth Sync="TRUE">254</attwidth><atprecis Sync="TRUE">0</atprecis><attscale Sync="TRUE">0</attscale></attr><attr><attrlabl Sync="TRUE">parlanduni</attrlabl><attalias Sync="TRUE">parlanduni</attalias><attrtype Sync="TRUE">String</attrtype><attwidth Sync="TRUE">10</attwidth><atprecis Sync="TRUE">0</atprecis><attscale Sync="TRUE">0</attscale></attr><attr><attrlabl Sync="TRUE">landsequen</attrlabl><attalias Sync="TRUE">landsequen</attalias><attrtype Sync="TRUE">Integer</attrtype><attwidth Sync="TRUE">10</attwidth><atprecis Sync="TRUE">10</atprecis><attscale Sync="TRUE">0</attscale></attr><attr><attrlabl Sync="TRUE">Shape_Leng</attrlabl><attalias Sync="TRUE">Shape_Leng</attalias><attrtype Sync="TRUE">Double</attrtype><attwidth Sync="TRUE">19</attwidth><atprecis Sync="TRUE">0</atprecis><attscale Sync="TRUE">0</attscale></attr><attr><attrlabl Sync="TRUE">Shape_Area</attrlabl><attalias Sync="TRUE">Shape_Area</attalias><attrtype Sync="TRUE">Double</attrtype><attwidth Sync="TRUE">19</attwidth><atprecis Sync="TRUE">0</atprecis><attscale Sync="TRUE">0</attscale><attrdef Sync="TRUE">Area of feature in internal units squared.</attrdef><attrdefs Sync="TRUE">Esri</attrdefs><attrdomv><udom Sync="TRUE">Positive real numbers that are automatically generated.</udom></attrdomv></attr></detailed></eainfo><mdDateSt Sync="TRUE">20221004</mdDateSt></metadata>
