<metadata xml:lang="en"><Esri><CreaDate>20170928</CreaDate><CreaTime>16525800</CreaTime><ArcGISFormat>1.0</ArcGISFormat><SyncOnce>FALSE</SyncOnce><DataProperties><lineage><Process ToolSource="c:\program files (x86)\arcgis\desktop10.4\ArcToolbox\Toolboxes\Data Management Tools.tbx\CalculateField" Date="20170928" Time="165258" Name="" export="">CalculateField FireStations_09282017 State "NC" VB #</Process><Process ToolSource="c:\program files (x86)\arcgis\desktop10.7\ArcToolbox\Toolboxes\Data Management Tools.tbx\DeleteFeatures" Date="20210112" Time="165013">DeleteFeatures C:\ArcGIS\Connections\sdw.sde\SDW.DBO.FireStations_pt</Process><Process ToolSource="c:\program files (x86)\arcgis\desktop10.7\ArcToolbox\Toolboxes\Data Management Tools.tbx\Append" Date="20210112" Time="165014">Append C:\ArcGIS\Connections\dropzone.sde\dropzone."CHARLOTTE\96500".FireStations_pt C:\ArcGIS\Connections\sdw.sde\SDW.DBO.FireStations_pt NO_TEST "NUM "NUM" true true false 2 Short 0 5 ,First,#,C:\ArcGIS\Connections\dropzone.sde\dropzone."CHARLOTTE\96500".FireStations_pt,NUM,-1,-1;NAME "NAME" true true false 30 Text 0 0 ,First,#,C:\ArcGIS\Connections\dropzone.sde\dropzone."CHARLOTTE\96500".FireStations_pt,NAME,-1,-1;ADDRESS "ADDRESS" true true false 36 Text 0 0 ,First,#,C:\ArcGIS\Connections\dropzone.sde\dropzone."CHARLOTTE\96500".FireStations_pt,ADDRESS,-1,-1;LATITUDE "LATITUDE" true true false 4 Long 0 10 ,First,#,C:\ArcGIS\Connections\dropzone.sde\dropzone."CHARLOTTE\96500".FireStations_pt,LATITUDE,-1,-1;LONGITUDE "LONGITUDE" true true false 4 Long 0 10 ,First,#,C:\ArcGIS\Connections\dropzone.sde\dropzone."CHARLOTTE\96500".FireStations_pt,LONGITUDE,-1,-1;PHONE_1 "PHONE_1" true true false 16 Text 0 0 ,First,#,C:\ArcGIS\Connections\dropzone.sde\dropzone."CHARLOTTE\96500".FireStations_pt,PHONE_1,-1,-1;PHONE_2 "PHONE_2" true true false 16 Text 0 0 ,First,#,C:\ArcGIS\Connections\dropzone.sde\dropzone."CHARLOTTE\96500".FireStations_pt,PHONE_2,-1,-1;Units "Units" true true false 2 Short 0 5 ,First,#,C:\ArcGIS\Connections\dropzone.sde\dropzone."CHARLOTTE\96500".FireStations_pt,Units,-1,-1;Battalion "Battalion" true true false 2 Short 0 5 ,First,#,C:\ArcGIS\Connections\dropzone.sde\dropzone."CHARLOTTE\96500".FireStations_pt,Battalion,-1,-1;BattHQ "BattHQ" true true false 2 Short 0 5 ,First,#,C:\ArcGIS\Connections\dropzone.sde\dropzone."CHARLOTTE\96500".FireStations_pt,BattHQ,-1,-1;Long "Long" true true false 254 Text 0 0 ,First,#,C:\ArcGIS\Connections\dropzone.sde\dropzone."CHARLOTTE\96500".FireStations_pt,Long,-1,-1;Lat "Lat" true true false 254 Text 0 0 ,First,#,C:\ArcGIS\Connections\dropzone.sde\dropzone."CHARLOTTE\96500".FireStations_pt,Lat,-1,-1;Council "Council" true true false 2 Short 0 5 ,First,#,C:\ArcGIS\Connections\dropzone.sde\dropzone."CHARLOTTE\96500".FireStations_pt,Council,-1,-1;YearBuilt "YearBuilt" true true false 2 Short 0 5 ,First,#,C:\ArcGIS\Connections\dropzone.sde\dropzone."CHARLOTTE\96500".FireStations_pt,YearBuilt,-1,-1;TOPO "TOPO" true true false 4 Text 0 0 ,First,#,C:\ArcGIS\Connections\dropzone.sde\dropzone."CHARLOTTE\96500".FireStations_pt,TOPO,-1,-1;zip "zip" true true false 5 Text 0 0 ,First,#,C:\ArcGIS\Connections\dropzone.sde\dropzone."CHARLOTTE\96500".FireStations_pt,zip,-1,-1;po_name "po_name" true true false 28 Text 0 0 ,First,#,C:\ArcGIS\Connections\dropzone.sde\dropzone."CHARLOTTE\96500".FireStations_pt,po_name,-1,-1;State "State" true true false 2 Text 0 0 ,First,#,C:\ArcGIS\Connections\dropzone.sde\dropzone."CHARLOTTE\96500".FireStations_pt,State,-1,-1;GlobalID "GlobalID" false false false 38 GlobalID 0 0 ,First,#,C:\ArcGIS\Connections\dropzone.sde\dropzone."CHARLOTTE\96500".FireStations_pt,GlobalID,-1,-1" #</Process><Process ToolSource="c:\arcgis_install\desktop10.8\ArcToolbox\Toolboxes\Data Management Tools.tbx\CopyFeatures" Date="20221003" Time="093539">CopyFeatures C:/Users/blacksr/AppData/Roaming/ESRI/Desktop10.8/ArcCatalog/CITY.sde\SDW.DBO.FireStations_pt D:\GIS\ArcMap\OpenMapping.gdb\City\FireStations_pt # 0 0 0</Process><Process ToolSource="c:\arcgis_install\desktop10.8\ArcToolbox\Toolboxes\Conversion Tools.tbx\FeatureClassToFeatureClass" Date="20221003" Time="093541">FeatureClassToFeatureClass D:/GIS/ArcMap/OpenMapping.gdb/City/FireStations_pt D:/GIS/Python/OpenMapping CFD_FireStations # "NUM "NUM" true true false 2 Short 0 0 ,First,#,D:/GIS/ArcMap/OpenMapping.gdb/City/FireStations_pt,NUM,-1,-1;NAME "NAME" true true false 30 Text 0 0 ,First,#,D:/GIS/ArcMap/OpenMapping.gdb/City/FireStations_pt,NAME,-1,-1;ADDRESS "ADDRESS" true true false 36 Text 0 0 ,First,#,D:/GIS/ArcMap/OpenMapping.gdb/City/FireStations_pt,ADDRESS,-1,-1;LATITUDE "LATITUDE" true true false 4 Long 0 0 ,First,#,D:/GIS/ArcMap/OpenMapping.gdb/City/FireStations_pt,LATITUDE,-1,-1;LONGITUDE "LONGITUDE" true true false 4 Long 0 0 ,First,#,D:/GIS/ArcMap/OpenMapping.gdb/City/FireStations_pt,LONGITUDE,-1,-1;PHONE_1 "PHONE_1" true true false 16 Text 0 0 ,First,#,D:/GIS/ArcMap/OpenMapping.gdb/City/FireStations_pt,PHONE_1,-1,-1;PHONE_2 "PHONE_2" true true false 16 Text 0 0 ,First,#,D:/GIS/ArcMap/OpenMapping.gdb/City/FireStations_pt,PHONE_2,-1,-1;Units "Units" true true false 2 Short 0 0 ,First,#,D:/GIS/ArcMap/OpenMapping.gdb/City/FireStations_pt,Units,-1,-1;Battalion "Battalion" true true false 2 Short 0 0 ,First,#,D:/GIS/ArcMap/OpenMapping.gdb/City/FireStations_pt,Battalion,-1,-1;BattHQ "BattHQ" true true false 2 Short 0 0 ,First,#,D:/GIS/ArcMap/OpenMapping.gdb/City/FireStations_pt,BattHQ,-1,-1;Long "Long" true true false 254 Text 0 0 ,First,#,D:/GIS/ArcMap/OpenMapping.gdb/City/FireStations_pt,Long,-1,-1;Lat "Lat" true true false 254 Text 0 0 ,First,#,D:/GIS/ArcMap/OpenMapping.gdb/City/FireStations_pt,Lat,-1,-1;Council "Council" true true false 2 Short 0 0 ,First,#,D:/GIS/ArcMap/OpenMapping.gdb/City/FireStations_pt,Council,-1,-1;YearBuilt "YearBuilt" true true false 2 Short 0 0 ,First,#,D:/GIS/ArcMap/OpenMapping.gdb/City/FireStations_pt,YearBuilt,-1,-1;TOPO "TOPO" true true false 4 Text 0 0 ,First,#,D:/GIS/ArcMap/OpenMapping.gdb/City/FireStations_pt,TOPO,-1,-1;zip "zip" true true false 5 Text 0 0 ,First,#,D:/GIS/ArcMap/OpenMapping.gdb/City/FireStations_pt,zip,-1,-1;po_name "po_name" true true false 28 Text 0 0 ,First,#,D:/GIS/ArcMap/OpenMapping.gdb/City/FireStations_pt,po_name,-1,-1;State "State" true true false 2 Text 0 0 ,First,#,D:/GIS/ArcMap/OpenMapping.gdb/City/FireStations_pt,State,-1,-1" #</Process></lineage><itemProps><itemName Sync="TRUE">CFD_FireStations</itemName><imsContentType Sync="TRUE" export="False">002</imsContentType><itemLocation><linkage Sync="TRUE">file://\\LUE-8PQNK93\D$\GIS\Python\OpenMapping\CFD_FireStations.shp</linkage><protocol Sync="TRUE">Local Area Network</protocol></itemLocation><nativeExtBox><westBL Sync="TRUE">1400914.377731</westBL><eastBL Sync="TRUE">1502661.013356</eastBL><southBL Sync="TRUE">476270.650856</southBL><northBL Sync="TRUE">595770.819606</northBL><exTypeCode Sync="TRUE">1</exTypeCode></nativeExtBox><itemSize Sync="TRUE">0.000</itemSize></itemProps><coordRef><type Sync="TRUE">Projected</type><geogcsn Sync="TRUE">GCS_North_American_1983</geogcsn><csUnits Sync="TRUE">Linear Unit: Foot_US (0.304801)</csUnits><projcsn Sync="TRUE">NAD_1983_StatePlane_North_Carolina_FIPS_3200_Feet</projcsn><peXml Sync="TRUE">&lt;ProjectedCoordinateSystem xsi:type='typens:ProjectedCoordinateSystem' xmlns:xsi='http://www.w3.org/2001/XMLSchema-instance' xmlns:xs='http://www.w3.org/2001/XMLSchema' xmlns:typens='http://www.esri.com/schemas/ArcGIS/10.8'&gt;&lt;WKT&gt;PROJCS[&amp;quot;NAD_1983_StatePlane_North_Carolina_FIPS_3200_Feet&amp;quot;,GEOGCS[&amp;quot;GCS_North_American_1983&amp;quot;,DATUM[&amp;quot;D_North_American_1983&amp;quot;,SPHEROID[&amp;quot;GRS_1980&amp;quot;,6378137.0,298.257222101]],PRIMEM[&amp;quot;Greenwich&amp;quot;,0.0],UNIT[&amp;quot;Degree&amp;quot;,0.0174532925199433]],PROJECTION[&amp;quot;Lambert_Conformal_Conic&amp;quot;],PARAMETER[&amp;quot;False_Easting&amp;quot;,2000000.002616666],PARAMETER[&amp;quot;False_Northing&amp;quot;,0.0],PARAMETER[&amp;quot;Central_Meridian&amp;quot;,-79.0],PARAMETER[&amp;quot;Standard_Parallel_1&amp;quot;,34.33333333333334],PARAMETER[&amp;quot;Standard_Parallel_2&amp;quot;,36.16666666666666],PARAMETER[&amp;quot;Latitude_Of_Origin&amp;quot;,33.75],UNIT[&amp;quot;Foot_US&amp;quot;,0.3048006096012192],AUTHORITY[&amp;quot;EPSG&amp;quot;,2264]]&lt;/WKT&gt;&lt;XOrigin&gt;-121841900&lt;/XOrigin&gt;&lt;YOrigin&gt;-93659000&lt;/YOrigin&gt;&lt;XYScale&gt;36365718.124241434&lt;/XYScale&gt;&lt;ZOrigin&gt;-100000&lt;/ZOrigin&gt;&lt;ZScale&gt;10000&lt;/ZScale&gt;&lt;MOrigin&gt;-100000&lt;/MOrigin&gt;&lt;MScale&gt;10000&lt;/MScale&gt;&lt;XYTolerance&gt;0.0032808333333333331&lt;/XYTolerance&gt;&lt;ZTolerance&gt;0.001&lt;/ZTolerance&gt;&lt;MTolerance&gt;0.001&lt;/MTolerance&gt;&lt;HighPrecision&gt;true&lt;/HighPrecision&gt;&lt;WKID&gt;102719&lt;/WKID&gt;&lt;LatestWKID&gt;2264&lt;/LatestWKID&gt;&lt;/ProjectedCoordinateSystem&gt;</peXml></coordRef></DataProperties><SyncDate>20221003</SyncDate><SyncTime>09354100</SyncTime><ModDate>20221003</ModDate><ModTime>09354100</ModTime><scaleRange><minScale>150000000</minScale><maxScale>5000</maxScale></scaleRange><ArcGISProfile>ISO19139</ArcGISProfile></Esri><dataIdInfo><envirDesc Sync="TRUE"> Version 6.2 (Build 9200) ; Esri ArcGIS 10.8.1.14362</envirDesc><dataLang><languageCode value="eng" Sync="TRUE"/><countryCode value="USA" Sync="TRUE"/></dataLang><idCitation xmlns=""><resTitle Sync="FALSE">Fire Stations</resTitle><presForm xmlns=""><PresFormCd value="005" Sync="TRUE"/></presForm><date><pubDate>2018-06-15T00:00:00</pubDate></date><citRespParty xmlns=""><editorSource>external</editorSource><editorDigest>e9f3700314097027b9481465d11dc61e</editorDigest><rpIndName>Keith Ince</rpIndName><rpOrgName>Charlotte FIre Department</rpOrgName><rpPosName>GIS Manager</rpPosName><rpCntInfo xmlns=""><cntAddress addressType=""><eMailAdd>kince@charlottenc.gov</eMailAdd></cntAddress></rpCntInfo><editorSave>True</editorSave><displayName>Keith Ince</displayName><role><RoleCd value="002"/></role></citRespParty></idCitation><spatRpType><SpatRepTypCd value="001" Sync="TRUE"/></spatRpType><dataExt xmlns=""><geoEle xmlns=""><GeoBndBox esriExtentType="search"><exTypeCode Sync="TRUE">1</exTypeCode><westBL Sync="TRUE">-81.009761</westBL><eastBL Sync="TRUE">-80.661791</eastBL><northBL Sync="TRUE">35.375504</northBL><southBL Sync="TRUE">35.042044</southBL></GeoBndBox></geoEle></dataExt><idPurp>This dataset represents the point location for each station</idPurp><idAbs>&lt;DIV STYLE="text-align:Left;"&gt;&lt;DIV&gt;&lt;DIV&gt;&lt;P&gt;&lt;SPAN&gt;This dataset represents the point location for each fire station within the Charlotte FIre Department. &lt;/SPAN&gt;&lt;/P&gt;&lt;/DIV&gt;&lt;/DIV&gt;&lt;/DIV&gt;</idAbs><idCredit>Charlotte FIre Department</idCredit><searchKeys><keyword>Charlotte</keyword><keyword>Mecklenburg</keyword><keyword>North Carolina</keyword><keyword>USA</keyword><keyword>Fire Department</keyword><keyword>Fire</keyword><keyword>Charlotte Fire Department</keyword><keyword>Emergency Response</keyword><keyword>RA</keyword><keyword>Response Areas</keyword><keyword>Fire Stations</keyword><keyword>Community Safety</keyword><keyword>Charmeck</keyword><keyword>City of Charlotte</keyword><keyword>Mecklenburg County</keyword><keyword>Charlotte</keyword><keyword>Mecklenburg</keyword><keyword>North Carolina</keyword><keyword>USA</keyword><keyword>US</keyword><keyword>Charlotte</keyword><keyword>Mecklenburg</keyword><keyword>North Carolina</keyword></searchKeys><idPoC xmlns=""><editorSource>external</editorSource><editorDigest>e9f3700314097027b9481465d11dc61e</editorDigest><rpIndName>Keith Ince</rpIndName><rpOrgName>Charlotte FIre Department</rpOrgName><rpPosName>GIS Manager</rpPosName><rpCntInfo xmlns=""><cntAddress addressType=""><eMailAdd>kince@charlottenc.gov</eMailAdd></cntAddress></rpCntInfo><editorSave>True</editorSave><displayName>Keith Ince</displayName><role><RoleCd value="002"/></role></idPoC><resMaint xmlns=""><maintFreq><MaintFreqCd value="009"/></maintFreq></resMaint><tpCat><TopicCatCd value="016"/></tpCat><tpCat><TopicCatCd value="019"/></tpCat></dataIdInfo><mdLang><languageCode value="eng" Sync="TRUE"/><countryCode value="USA" Sync="TRUE"/></mdLang><distInfo><distFormat><formatName Sync="TRUE">Shapefile</formatName></distFormat><distTranOps><transSize Sync="TRUE">0.000</transSize></distTranOps></distInfo><mdHrLv><ScopeCd value="005" Sync="TRUE"/></mdHrLv><mdHrLvName Sync="TRUE">dataset</mdHrLvName><refSysInfo><RefSystem><refSysID><identCode code="2264" Sync="TRUE"/><idCodeSpace Sync="TRUE">EPSG</idCodeSpace><idVersion Sync="TRUE">6.12(9.0.0)</idVersion></refSysID></RefSystem></refSysInfo><spatRepInfo><VectSpatRep><geometObjs Name="CFD_FireStations"><geoObjTyp><GeoObjTypCd value="004" Sync="TRUE"></GeoObjTypCd></geoObjTyp><geoObjCnt Sync="TRUE">0</geoObjCnt></geometObjs><topLvl><TopoLevCd value="001" Sync="TRUE"></TopoLevCd></topLvl></VectSpatRep></spatRepInfo><spdoinfo><ptvctinf><esriterm Name="CFD_FireStations"><efeatyp Sync="TRUE">Simple</efeatyp><efeageom code="1" Sync="TRUE"></efeageom><esritopo Sync="TRUE">FALSE</esritopo><efeacnt Sync="TRUE">0</efeacnt><spindex Sync="TRUE">FALSE</spindex><linrefer Sync="TRUE">FALSE</linrefer></esriterm></ptvctinf></spdoinfo><eainfo><detailed Name="CFD_FireStations"><enttyp><enttypl Sync="TRUE">CFD_FireStations</enttypl><enttypt Sync="TRUE">Feature Class</enttypt><enttypc Sync="TRUE">0</enttypc></enttyp><attr><attrlabl Sync="TRUE">FID</attrlabl><attalias Sync="TRUE">FID</attalias><attrtype Sync="TRUE">OID</attrtype><attwidth Sync="TRUE">4</attwidth><atprecis Sync="TRUE">0</atprecis><attscale Sync="TRUE">0</attscale><attrdef Sync="TRUE">Internal feature number.</attrdef><attrdefs Sync="TRUE">Esri</attrdefs><attrdomv><udom Sync="TRUE">Sequential unique whole numbers that are automatically generated.</udom></attrdomv></attr><attr><attrlabl Sync="TRUE">NUM</attrlabl><attalias Sync="TRUE">NUM</attalias><attrtype Sync="TRUE">Integer</attrtype><attwidth Sync="TRUE">5</attwidth><atprecis Sync="TRUE">5</atprecis><attscale Sync="TRUE">0</attscale></attr><attr><attrlabl Sync="TRUE">NAME</attrlabl><attalias Sync="TRUE">NAME</attalias><attrtype Sync="TRUE">String</attrtype><attwidth Sync="TRUE">30</attwidth><atprecis Sync="TRUE">0</atprecis><attscale Sync="TRUE">0</attscale></attr><attr><attrlabl Sync="TRUE">ADDRESS</attrlabl><attalias Sync="TRUE">ADDRESS</attalias><attrtype Sync="TRUE">String</attrtype><attwidth Sync="TRUE">36</attwidth><atprecis Sync="TRUE">0</atprecis><attscale Sync="TRUE">0</attscale></attr><attr><attrlabl Sync="TRUE">LATITUDE</attrlabl><attalias Sync="TRUE">LATITUDE</attalias><attrtype Sync="TRUE">Integer</attrtype><attwidth Sync="TRUE">10</attwidth><atprecis Sync="TRUE">10</atprecis><attscale Sync="TRUE">0</attscale></attr><attr><attrlabl Sync="TRUE">LONGITUDE</attrlabl><attalias Sync="TRUE">LONGITUDE</attalias><attrtype Sync="TRUE">Integer</attrtype><attwidth Sync="TRUE">10</attwidth><atprecis Sync="TRUE">10</atprecis><attscale Sync="TRUE">0</attscale></attr><attr><attrlabl Sync="TRUE">PHONE_1</attrlabl><attalias Sync="TRUE">PHONE_1</attalias><attrtype Sync="TRUE">String</attrtype><attwidth Sync="TRUE">16</attwidth><atprecis Sync="TRUE">0</atprecis><attscale Sync="TRUE">0</attscale></attr><attr><attrlabl Sync="TRUE">PHONE_2</attrlabl><attalias Sync="TRUE">PHONE_2</attalias><attrtype Sync="TRUE">String</attrtype><attwidth Sync="TRUE">16</attwidth><atprecis Sync="TRUE">0</atprecis><attscale Sync="TRUE">0</attscale></attr><attr><attrlabl Sync="TRUE">Units</attrlabl><attalias Sync="TRUE">Units</attalias><attrtype Sync="TRUE">Integer</attrtype><attwidth Sync="TRUE">5</attwidth><atprecis Sync="TRUE">5</atprecis><attscale Sync="TRUE">0</attscale></attr><attr><attrlabl Sync="TRUE">Battalion</attrlabl><attalias Sync="TRUE">Battalion</attalias><attrtype Sync="TRUE">Integer</attrtype><attwidth Sync="TRUE">5</attwidth><atprecis Sync="TRUE">5</atprecis><attscale Sync="TRUE">0</attscale></attr><attr><attrlabl Sync="TRUE">BattHQ</attrlabl><attalias Sync="TRUE">BattHQ</attalias><attrtype Sync="TRUE">Integer</attrtype><attwidth Sync="TRUE">5</attwidth><atprecis Sync="TRUE">5</atprecis><attscale Sync="TRUE">0</attscale></attr><attr><attrlabl Sync="TRUE">Long</attrlabl><attalias Sync="TRUE">Long</attalias><attrtype Sync="TRUE">String</attrtype><attwidth Sync="TRUE">254</attwidth><atprecis Sync="TRUE">0</atprecis><attscale Sync="TRUE">0</attscale></attr><attr><attrlabl Sync="TRUE">Lat</attrlabl><attalias Sync="TRUE">Lat</attalias><attrtype Sync="TRUE">String</attrtype><attwidth Sync="TRUE">254</attwidth><atprecis Sync="TRUE">0</atprecis><attscale Sync="TRUE">0</attscale></attr><attr><attrlabl Sync="TRUE">Council</attrlabl><attalias Sync="TRUE">Council</attalias><attrtype Sync="TRUE">Integer</attrtype><attwidth Sync="TRUE">5</attwidth><atprecis Sync="TRUE">5</atprecis><attscale Sync="TRUE">0</attscale></attr><attr><attrlabl Sync="TRUE">YearBuilt</attrlabl><attalias Sync="TRUE">YearBuilt</attalias><attrtype Sync="TRUE">Integer</attrtype><attwidth Sync="TRUE">5</attwidth><atprecis Sync="TRUE">5</atprecis><attscale Sync="TRUE">0</attscale></attr><attr><attrlabl Sync="TRUE">TOPO</attrlabl><attalias Sync="TRUE">TOPO</attalias><attrtype Sync="TRUE">String</attrtype><attwidth Sync="TRUE">4</attwidth><atprecis Sync="TRUE">0</atprecis><attscale Sync="TRUE">0</attscale></attr><attr><attrlabl Sync="TRUE">zip</attrlabl><attalias Sync="TRUE">zip</attalias><attrtype Sync="TRUE">String</attrtype><attwidth Sync="TRUE">5</attwidth><atprecis Sync="TRUE">0</atprecis><attscale Sync="TRUE">0</attscale></attr><attr><attrlabl Sync="TRUE">po_name</attrlabl><attalias Sync="TRUE">po_name</attalias><attrtype Sync="TRUE">String</attrtype><attwidth Sync="TRUE">28</attwidth><atprecis Sync="TRUE">0</atprecis><attscale Sync="TRUE">0</attscale></attr><attr><attrlabl Sync="TRUE">State</attrlabl><attalias Sync="TRUE">State</attalias><attrtype Sync="TRUE">String</attrtype><attwidth Sync="TRUE">2</attwidth><atprecis Sync="TRUE">0</atprecis><attscale Sync="TRUE">0</attscale></attr><attr><attrlabl Sync="TRUE">Shape</attrlabl><attalias Sync="TRUE">Shape</attalias><attrtype Sync="TRUE">Geometry</attrtype><attwidth Sync="TRUE">0</attwidth><atprecis Sync="TRUE">0</atprecis><attscale Sync="TRUE">0</attscale><attrdef Sync="TRUE">Feature geometry.</attrdef><attrdefs Sync="TRUE">Esri</attrdefs><attrdomv><udom Sync="TRUE">Coordinates defining the features.</udom></attrdomv></attr></detailed></eainfo><mdDateSt Sync="TRUE">20221003</mdDateSt><mdChar><CharSetCd value="004"/></mdChar><mdContact xmlns=""><editorSource>external</editorSource><editorDigest>e9f3700314097027b9481465d11dc61e</editorDigest><rpIndName>Keith Ince</rpIndName><rpOrgName>Charlotte FIre Department</rpOrgName><rpPosName>GIS Manager</rpPosName><rpCntInfo xmlns=""><cntAddress addressType=""><eMailAdd>kince@charlottenc.gov</eMailAdd></cntAddress></rpCntInfo><editorSave>True</editorSave><displayName>Keith Ince</displayName><role><RoleCd value="002"/></role></mdContact><mdMaint xmlns=""><maintFreq><MaintFreqCd value="009"/></maintFreq></mdMaint><mdConst><Consts xmlns=""><useLimit>&lt;DIV STYLE="text-align:Left;"&gt;&lt;DIV&gt;&lt;P&gt;&lt;SPAN&gt;&lt;SPAN&gt;This data is free to be used by anyone.&lt;/SPAN&gt;&lt;/SPAN&gt;&lt;/P&gt;&lt;/DIV&gt;&lt;/DIV&gt;</useLimit></Consts></mdConst></metadata>
